id_existing,id_new,count_match,count_no_match,count_unsure,match
AT226_osm_14178,AT226_msft_12840,2.0,,,yes
AT226_osm_16241,AT226_msft_6998,2.0,,2.0,yes
AT226_osm_2775,AT226_msft_44489,,2.0,,no
AT226_osm_39111,AT226_msft_31509,2.0,,,yes
AT226_osm_50348,AT226_msft_39948,2.0,,,yes
AT226_osm_51116,AT226_msft_41936,2.0,,,yes
AT226_osm_53255,AT226_msft_40157,2.0,,,yes
AT226_osm_56611,AT226_msft_43890,2.0,,2.0,yes
AT226_osm_69507,AT226_msft_55307,2.0,,,yes
AT335_gov_102291,AT335_msft_66737,2.0,,,yes
AT335_gov_150498,AT335_msft_99086,2.0,,,yes
AT335_gov_158193,AT335_msft_105382,2.0,,,yes
AT335_gov_36143,AT335_msft_26443,2.0,,,yes
AT335_gov_36221,AT335_msft_25959,2.0,,,yes
AT335_gov_50100,AT335_msft_35229,2.0,,,yes
AT335_gov_98479,AT335_msft_67183,,2.0,,no
BE211_gov_231467,BE211_msft_208735,2.0,,,yes
BE211_gov_241884,BE211_msft_206857,,2.0,,no
BE211_gov_32562,BE211_msft_125994,2.0,,,yes
BE211_gov_37726,BE211_msft_128699,2.0,,,yes
BE211_gov_413184,BE211_msft_15565,,2.0,1.0,no
BE211_gov_525215,BE211_msft_45767,3.0,1.0,,yes
BE232_gov_101538,BE232_msft_32102,2.0,,,yes
BE232_gov_114997,BE232_msft_32586,2.0,,,yes
BE232_gov_133220,BE232_msft_14807,2.0,,,yes
BE232_gov_24310,BE232_msft_84852,2.0,,,yes
BE232_gov_24764,BE232_msft_79512,2.0,,,yes
BE232_gov_3580,BE232_msft_65434,2.0,,1.0,yes
BE232_gov_41364,BE232_msft_58144,3.0,1.0,,yes
BE232_gov_4398,BE232_msft_66943,2.0,,,yes
BE232_gov_61547,BE232_msft_89196,2.0,,,yes
BE232_gov_8101,BE232_msft_71122,2.0,,1.0,yes
BE234_gov_225397,BE234_msft_205878,2.0,,,yes
BE234_gov_259092,BE234_msft_38561,,2.0,,no
BE235_osm_40071,BE235_msft_53885,,2.0,,no
BE235_osm_45232,BE235_msft_30458,,2.0,,no
BE235_osm_56760,BE235_msft_76355,,2.0,1.0,no
BE241_gov_116353,BE241_osm_282124,2.0,,,yes
BE241_gov_142530,BE241_osm_5404,2.0,,,yes
BE241_gov_176753,BE241_osm_79037,2.0,,,yes
BE241_gov_188474,BE241_osm_69686,2.0,,,yes
BE241_gov_200111,BE241_osm_80041,2.0,,,yes
BE241_gov_379899,BE241_osm_89158,2.0,,,yes
BE241_gov_60083,BE241_osm_162334,2.0,,,yes
BE241_gov_6273,BE241_osm_137313,2.0,,,yes
BE241_gov_99252,BE241_osm_170269,2.0,,,yes
BE325_gov_13186,BE325_msft_43937,2.0,,,yes
BE325_gov_154564,BE325_msft_16673,2.0,,,yes
BE325_gov_169099,BE325_msft_14940,2.0,,,yes
BE325_gov_169281,BE325_msft_21735,2.0,,,yes
BE325_gov_35886,BE325_msft_36607,2.0,,,yes
BE325_gov_37948,BE325_msft_40242,3.0,1.0,,yes
BE325_gov_454,BE325_msft_39078,2.0,,,yes
BE325_gov_53461,BE325_msft_60006,2.0,,,yes
BE325_gov_63934,BE325_msft_66034,2.0,,,yes
BE325_gov_8125,BE325_msft_40643,2.0,,,yes
BE327_gov_103388,BE327_osm_15224,,2.0,,no
BE327_gov_114512,BE327_osm_5001,,2.0,,no
BE327_gov_114619,BE327_osm_59118,,2.0,,no
BE327_gov_125635,BE327_osm_53849,,2.0,,no
BE327_gov_141324,BE327_osm_36590,,2.0,,no
BE327_gov_94429,BE327_osm_10739,,2.0,,no
BE344_gov_13219,BE344_msft_32207,2.0,,,yes
BE344_gov_31665,BE344_msft_44927,2.0,,,yes
BE344_gov_37518,BE344_msft_7157,2.0,,,yes
BE344_gov_39407,BE344_msft_11495,2.0,,,yes
BE344_gov_4096,BE344_msft_32357,2.0,,,yes
BE344_gov_57077,BE344_msft_25071,2.0,,,yes
BE344_gov_8860,BE344_msft_27658,,2.0,,no
BG312_osm_5242,BG312_msft_95807,,2.0,,no
BG312_osm_6762,BG312_msft_98317,2.0,,,yes
BG424_osm_3344,BG424_msft_16491,,2.0,2.0,no
BG424_osm_656,BG424_msft_8634,2.0,,1.0,yes
BG424_osm_7230,BG424_msft_64127,2.0,,,yes
BG424_osm_7231,BG424_msft_63196,2.0,,,yes
BG424_osm_9018,BG424_msft_55025,2.0,,,yes
BG424_osm_9300,BG424_msft_67520,2.0,,,yes
BG424_osm_9557,BG424_msft_52758,2.0,,,yes
CH021_gov_108422,CH021_osm_22457,2.0,,,yes
CH021_gov_127556,CH021_osm_6057,2.0,,,yes
CH021_gov_189336,CH021_osm_88214,2.0,,,yes
CH021_gov_213302,CH021_osm_413916,2.0,,,yes
CH021_gov_227292,CH021_osm_422579,3.0,1.0,,yes
CH021_gov_248607,CH021_osm_345704,1.0,3.0,,no
CH021_gov_251208,CH021_osm_159502,2.0,,,yes
CH040_gov_125429,CH040_msft_197381,2.0,,,yes
CH040_gov_152567,CH040_msft_58762,2.0,,,yes
CH040_gov_188420,CH040_msft_34855,2.0,,,yes
CH040_gov_190938,CH040_msft_32656,2.0,,,yes
CH040_gov_206105,CH040_msft_103803,2.0,,,yes
CH040_gov_224777,CH040_msft_106582,2.0,,,yes
CH040_gov_238399,CH040_msft_79162,,2.0,,no
CH040_gov_259009,CH040_msft_76354,,2.0,,no
CH040_gov_3870,CH040_msft_146390,2.0,,,yes
CH040_gov_43361,CH040_msft_118276,2.0,,,yes
CH040_gov_85379,CH040_msft_225516,2.0,,,yes
CH054_gov_13148,CH054_msft_4368,2.0,,,yes
CH054_gov_14014,CH054_msft_4299,2.0,,,yes
CH054_gov_14272,CH054_msft_4563,2.0,,,yes
CH054_gov_2019,CH054_msft_7221,2.0,,,yes
CH054_gov_2201,CH054_msft_5329,2.0,,,yes
CH054_gov_8049,CH054_msft_8213,2.0,,,yes
CH054_gov_9554,CH054_msft_3065,2.0,,,yes
CH054_gov_9818,CH054_msft_2476,,2.0,,no
CH055_gov_179806,CH055_osm_68146,3.0,1.0,,yes
CH055_gov_202147,CH055_osm_31115,2.0,,,yes
CH055_gov_29712,CH055_osm_90312,,2.0,2.0,no
CH055_gov_30763,CH055_osm_22801,2.0,,,yes
CH055_gov_45895,CH055_osm_107147,2.0,,,yes
CH055_gov_85667,CH055_osm_137748,2.0,,,yes
CH056_gov_114240,CH056_osm_11740,1.0,3.0,,no
CH056_gov_133013,CH056_osm_1216,3.0,1.0,,yes
CH056_gov_138859,CH056_osm_39328,2.0,,,yes
CH056_gov_30803,CH056_osm_78515,2.0,,,yes
CH056_gov_31499,CH056_osm_79881,2.0,,,yes
CH056_gov_32546,CH056_osm_82161,2.0,,,yes
CH056_gov_524,CH056_osm_84034,2.0,,,yes
CH056_gov_56387,CH056_osm_127283,2.0,,,yes
CH056_gov_93552,CH056_osm_23400,2.0,,,yes
CH070_gov_126454,CH070_msft_53434,2.0,,,yes
CH070_gov_127141,CH070_msft_56392,2.0,,,yes
CH070_gov_146255,CH070_msft_39586,,2.0,2.0,no
CH070_gov_16350,CH070_msft_92183,2.0,,1.0,yes
CH070_gov_17232,CH070_msft_91159,2.0,,,yes
CH070_gov_24063,CH070_msft_67381,2.0,,,yes
CH070_gov_25153,CH070_msft_65342,2.0,,,yes
CH070_gov_36798,CH070_msft_73693,2.0,,1.0,yes
CH070_gov_47563,CH070_msft_118161,2.0,,,yes
CH070_gov_5061,CH070_msft_80511,2.0,,,yes
CH070_gov_9810,CH070_msft_94201,,2.0,1.0,no
CZ051_gov_106093,CZ051_osm_155925,2.0,,,yes
CZ051_gov_12595,CZ051_osm_160125,2.0,,,yes
CZ051_gov_136154,CZ051_osm_204247,2.0,,,yes
CZ051_gov_137047,CZ051_osm_201897,3.0,1.0,,yes
CZ051_gov_138354,CZ051_osm_201215,2.0,,,yes
CZ051_gov_14083,CZ051_osm_163352,2.0,,,yes
CZ051_gov_149188,CZ051_osm_183276,2.0,,,yes
CZ051_gov_16032,CZ051_osm_10257,2.0,,,yes
CZ051_gov_17233,CZ051_osm_166139,2.0,,,yes
CZ051_gov_24459,CZ051_osm_173528,3.0,,,yes
CZ051_gov_28091,CZ051_osm_190768,2.0,,,yes
CZ051_gov_40814,CZ051_osm_164944,2.0,,,yes
CZ051_gov_75986,CZ051_osm_168635,2.0,,1.0,yes
CZ080_osm_10049,CZ080_msft_30802,,2.0,,no
CZ080_osm_111465,CZ080_msft_23096,2.0,,1.0,yes
CZ080_osm_261648,CZ080_msft_38439,2.0,,,yes
CZ080_osm_324880,CZ080_msft_37232,,2.0,,no
CZ080_osm_424227,CZ080_msft_37796,2.0,,,yes
CZ080_osm_434998,CZ080_msft_26861,,2.0,2.0,no
CZ080_osm_435140,CZ080_msft_25883,,2.0,,no
DE118_osm_111161,DE118_msft_67542,2.0,,,yes
DE118_osm_176550,DE118_msft_110066,2.0,,,yes
DE118_osm_189607,DE118_msft_776,2.0,,,yes
DE118_osm_62286,DE118_msft_47028,2.0,,,yes
DE118_osm_63166,DE118_msft_45765,1.0,3.0,,no
DE118_osm_7598,DE118_msft_110714,2.0,,,yes
DE127_osm_1190,DE127_msft_1033,2.0,,,yes
DE127_osm_22540,DE127_msft_20300,3.0,1.0,,yes
DE127_osm_25226,DE127_msft_20812,2.0,,,yes
DE127_osm_33703,DE127_msft_24984,2.0,,1.0,yes
DE127_osm_33846,DE127_msft_25244,2.0,,,yes
DE127_osm_35156,DE127_msft_33389,,2.0,1.0,no
DE127_osm_36032,DE127_msft_16671,,2.0,,no
DE127_osm_5489,DE127_msft_49920,,2.0,,no
DE127_osm_63279,DE127_msft_52152,,2.0,2.0,no
DE147_osm_27792,DE147_msft_35589,,2.0,,no
DE147_osm_46231,DE147_msft_14121,2.0,,,yes
DE147_osm_8595,DE147_msft_61143,,2.0,,no
DE212_osm_122935,DE212_msft_58612,2.0,,,yes
DE212_osm_182658,DE212_msft_36481,2.0,,,yes
DE212_osm_34231,DE212_msft_80705,2.0,,,yes
DE212_osm_66819,DE212_msft_60603,2.0,,,yes
DE212_osm_72814,DE212_msft_61754,,2.0,,no
DE212_osm_81001,DE212_msft_20641,2.0,,,yes
DE212_osm_90030,DE212_msft_96501,2.0,,,yes
DE212_osm_95075,DE212_msft_87572,2.0,,,yes
DE218_osm_10410,DE218_msft_7503,,2.0,2.0,no
DE218_osm_13485,DE218_msft_20094,2.0,,,yes
DE218_osm_16927,DE218_msft_1110,,2.0,1.0,no
DE218_osm_20653,DE218_msft_32042,,2.0,,no
DE218_osm_26253,DE218_msft_29114,2.0,,,yes
DE218_osm_32838,DE218_msft_23037,2.0,,,yes
DE218_osm_33534,DE218_msft_22774,2.0,,,yes
DE218_osm_50462,DE218_msft_2720,2.0,,,yes
DE218_osm_5430,DE218_msft_30372,2.0,,,yes
DE218_osm_7529,DE218_msft_28647,2.0,,,yes
DE245_osm_12921,DE245_msft_9008,2.0,,,yes
DE245_osm_16278,DE245_msft_12874,2.0,,,yes
DE245_osm_30280,DE245_msft_28138,,2.0,,no
DE245_osm_33155,DE245_msft_25043,2.0,,,yes
DE245_osm_39452,DE245_msft_32848,2.0,,,yes
DE245_osm_41567,DE245_msft_34495,2.0,,,yes
DE245_osm_42776,DE245_msft_34765,2.0,,,yes
DE245_osm_44072,DE245_msft_4060,,2.0,,no
DE245_osm_50201,DE245_msft_41710,2.0,,,yes
DE245_osm_51866,DE245_msft_43676,2.0,,,yes
DE245_osm_75123,DE245_msft_60981,2.0,,,yes
DE245_osm_75942,DE245_msft_62983,2.0,,,yes
DE245_osm_77078,DE245_msft_63781,2.0,,,yes
DE245_osm_77216,DE245_msft_64021,2.0,,,yes
DE245_osm_83247,DE245_msft_66980,2.0,,,yes
DE249_osm_21729,DE249_msft_18574,,2.0,,no
DE26B_osm_36786,DE26B_msft_4781,2.0,,,yes
DE26B_osm_42201,DE26B_msft_4825,2.0,,,yes
DE26B_osm_5530,DE26B_msft_24371,,2.0,,no
DE26B_osm_63168,DE26B_msft_1160,2.0,,,yes
DE26B_osm_65596,DE26B_msft_30951,2.0,,,yes
DE26B_osm_69523,DE26B_msft_33238,,2.0,1.0,no
DE26B_osm_77614,DE26B_msft_658,,2.0,,no
DE273_osm_11119,DE273_msft_1906,,2.0,1.0,no
DE273_osm_1113,DE273_msft_3494,2.0,,,yes
DE273_osm_11916,DE273_msft_4736,2.0,,,yes
DE273_osm_12712,DE273_msft_4600,2.0,,,yes
DE273_osm_14217,DE273_msft_5273,2.0,,,yes
DE273_osm_2081,DE273_msft_8421,2.0,,,yes
DE273_osm_2320,DE273_msft_9279,2.0,,,yes
DE273_osm_2633,DE273_msft_907,2.0,,,yes
DE273_osm_361,DE273_msft_5755,,2.0,,no
DE273_osm_4784,DE273_msft_78,2.0,,1.0,yes
DE273_osm_824,DE273_msft_5929,2.0,,,yes
DE273_osm_8459,DE273_msft_605,2.0,,,yes
DE406_gov_163544,DE406_msft_19,,2.0,,no
DE406_gov_46791,DE406_msft_125359,,2.0,,no
DE406_gov_55370,DE406_msft_132486,,2.0,,no
DE406_gov_96784,DE406_msft_35907,,2.0,,no
DE407_gov_128815,DE407_osm_95150,2.0,,,yes
DE407_gov_149414,DE407_osm_60507,2.0,,,yes
DE407_gov_26015,DE407_osm_52812,2.0,,,yes
DE407_gov_30442,DE407_osm_63103,2.0,,,yes
DE407_gov_36462,DE407_osm_10964,2.0,,,yes
DE407_gov_59302,DE407_osm_79877,2.0,,,yes
DE407_gov_98162,DE407_osm_11941,2.0,,,yes
DE40D_gov_103621,DE40D_osm_61702,2.0,,,yes
DE40D_gov_53163,DE40D_osm_14801,2.0,,,yes
DE40D_gov_54173,DE40D_osm_14081,2.0,,,yes
DE40D_gov_54188,DE40D_osm_14139,2.0,,,yes
DE40D_gov_9560,DE40D_osm_66871,2.0,,1.0,yes
DE711_osm_12412,DE711_msft_21273,2.0,,,yes
DE711_osm_19180,DE711_msft_15322,2.0,,,yes
DE711_osm_31000,DE711_msft_11140,2.0,,,yes
DE711_osm_3335,DE711_msft_11332,2.0,,,yes
DE711_osm_4069,DE711_msft_16616,2.0,,,yes
DE711_osm_4471,DE711_msft_11896,2.0,,,yes
DE711_osm_5073,DE711_msft_4399,2.0,,,yes
DE711_osm_9904,DE711_msft_5948,2.0,,,yes
DE711_osm_9948,DE711_msft_14677,2.0,,,yes
DE712_osm_103467,DE712_msft_59101,2.0,,,yes
DE712_osm_104612,DE712_msft_49673,2.0,,,yes
DE712_osm_115789,DE712_msft_33925,2.0,,,yes
DE712_osm_15396,DE712_msft_70792,2.0,,,yes
DE712_osm_49829,DE712_msft_17468,2.0,,,yes
DE712_osm_74893,DE712_msft_54323,2.0,,,yes
DE712_osm_75609,DE712_msft_61652,2.0,,,yes
DE712_osm_90961,DE712_msft_25418,2.0,,,yes
DE712_osm_95784,DE712_msft_22241,2.0,,,yes
DE712_osm_99141,DE712_msft_2893,2.0,,,yes
DE724_osm_108315,DE724_msft_92416,2.0,,,yes
DE724_osm_25075,DE724_msft_19127,2.0,,,yes
DE724_osm_26865,DE724_msft_21006,2.0,,,yes
DE724_osm_48352,DE724_msft_43099,2.0,,,yes
DE724_osm_52885,DE724_msft_48347,1.0,3.0,,no
DE724_osm_85352,DE724_msft_73332,2.0,,,yes
DE724_osm_93223,DE724_msft_80193,,2.0,,no
DE803_gov_18461,DE803_osm_3009,,2.0,,no
DE803_gov_32314,DE803_osm_27166,,2.0,,no
DE803_gov_38949,DE803_osm_35195,,2.0,,no
DE803_gov_49958,DE803_osm_49834,,2.0,,no
DE803_gov_52709,DE803_osm_44565,,2.0,,no
DE804_gov_11099,DE804_msft_5084,,2.0,2.0,no
DE804_gov_13955,DE804_msft_19803,2.0,,,yes
DE804_gov_15626,DE804_msft_16311,,2.0,,no
DE804_gov_1651,DE804_msft_7247,2.0,,,yes
DE804_gov_16821,DE804_msft_7526,2.0,,,yes
DE804_gov_20094,DE804_msft_7558,1.0,3.0,,no
DE804_gov_4803,DE804_msft_17147,2.0,,,yes
DE80K_gov_142269,DE80K_msft_61331,2.0,,,yes
DE80K_gov_26950,DE80K_msft_85381,2.0,,,yes
DE80K_gov_52445,DE80K_msft_142684,2.0,,,yes
DE80K_gov_56563,DE80K_msft_153188,2.0,,,yes
DE80K_gov_89258,DE80K_msft_28942,,2.0,,no
DE80K_gov_89492,DE80K_msft_30437,2.0,,,yes
DE80K_gov_89962,DE80K_msft_31112,2.0,,,yes
DE80M_gov_10746,DE80M_osm_8309,2.0,,,yes
DE80M_gov_10953,DE80M_osm_6216,2.0,,,yes
DE80M_gov_16563,DE80M_osm_42647,2.0,,,yes
DE80M_gov_27687,DE80M_osm_74715,2.0,,,yes
DE80M_gov_4534,DE80M_osm_53957,2.0,,,yes
DE80M_gov_57236,DE80M_osm_19268,2.0,,,yes
DE80M_gov_67624,DE80M_osm_1405,2.0,,,yes
DE80M_gov_85899,DE80M_osm_22023,2.0,,,yes
DE80N_osm_118966,DE80N_msft_137007,2.0,,,yes
DE80N_osm_123203,DE80N_msft_141961,2.0,,1.0,yes
DE80N_osm_124991,DE80N_msft_139284,,2.0,1.0,no
DE80N_osm_128373,DE80N_msft_145226,2.0,,,yes
DE80N_osm_24100,DE80N_msft_29700,,2.0,1.0,no
DE80N_osm_71296,DE80N_msft_76590,2.0,,,yes
DE80N_osm_90771,DE80N_msft_100226,2.0,,,yes
DE80O_gov_106377,DE80O_osm_37322,,2.0,,no
DE80O_gov_185997,DE80O_osm_118346,,2.0,,no
DE80O_gov_22355,DE80O_osm_108645,,2.0,,no
DE80O_gov_29568,DE80O_osm_77491,2.0,,,yes
DE913_gov_19463,DE913_osm_31643,2.0,,,yes
DE913_gov_23809,DE913_osm_14003,2.0,,,yes
DE913_gov_26126,DE913_osm_22106,2.0,,,yes
DE913_gov_48269,DE913_osm_25001,2.0,,,yes
DE913_gov_53948,DE913_osm_29677,2.0,,1.0,yes
DE913_gov_56165,DE913_osm_237,2.0,,,yes
DE913_gov_63026,DE913_osm_17825,2.0,,,yes
DE913_gov_65425,DE913_osm_5207,2.0,,,yes
DE913_gov_70848,DE913_osm_23991,2.0,,,yes
DE913_gov_71017,DE913_osm_11051,2.0,,,yes
DE91B_gov_11880,DE91B_msft_25268,,2.0,,no
DE91B_gov_31273,DE91B_msft_47772,,2.0,,no
DE926_gov_31746,DE926_msft_30580,,2.0,,no
DE926_gov_43860,DE926_msft_1154,,2.0,,no
DE926_gov_51390,DE926_msft_15452,,2.0,,no
DE927_gov_117377,DE927_osm_52339,2.0,,,yes
DE927_gov_16260,DE927_osm_50415,2.0,,,yes
DE927_gov_24579,DE927_osm_43597,2.0,,,yes
DE927_gov_59757,DE927_osm_62760,2.0,,,yes
DE935_gov_80622,DE935_msft_17193,,2.0,,no
DE935_gov_99042,DE935_msft_11143,2.0,,,yes
DE935_gov_99959,DE935_msft_9374,,2.0,,no
DE93B_gov_107809,DE93B_msft_48371,2.0,,,yes
DE93B_gov_19328,DE93B_msft_35887,2.0,,,yes
DE93B_gov_22617,DE93B_msft_39173,,2.0,1.0,no
DE93B_gov_26999,DE93B_msft_39718,2.0,,,yes
DE93B_gov_27186,DE93B_msft_37810,2.0,,,yes
DE93B_gov_32945,DE93B_msft_59845,2.0,,,yes
DE93B_gov_36467,DE93B_msft_68565,2.0,,,yes
DE93B_gov_42581,DE93B_msft_64820,2.0,,,yes
DE93B_gov_56482,DE93B_msft_11304,2.0,,,yes
DE93B_gov_69476,DE93B_msft_3347,2.0,,,yes
DE93B_gov_69612,DE93B_msft_7745,2.0,,,yes
DE944_gov_26093,DE944_msft_10969,2.0,,,yes
DE944_gov_34312,DE944_msft_23948,2.0,,1.0,yes
DE944_gov_38804,DE944_msft_29148,,2.0,,no
DE944_gov_44658,DE944_msft_10977,2.0,,,yes
DE944_gov_48677,DE944_msft_12918,2.0,,,yes
DE944_gov_48900,DE944_msft_16805,2.0,,,yes
DE944_gov_51272,DE944_msft_24776,2.0,,,yes
DE944_gov_62203,DE944_msft_16952,2.0,,,yes
DE944_gov_66908,DE944_msft_26898,2.0,,,yes
DE944_gov_69235,DE944_msft_21130,2.0,,,yes
DE947_gov_118165,DE947_osm_117388,2.0,,,yes
DE947_gov_138526,DE947_osm_118424,,2.0,,no
DE947_gov_154187,DE947_osm_42729,2.0,,,yes
DE947_gov_173638,DE947_osm_61875,2.0,,,yes
DE947_gov_181746,DE947_osm_36887,2.0,,,yes
DE947_gov_37872,DE947_osm_36188,2.0,,,yes
DE948_gov_111889,DE948_msft_50063,,2.0,,no
DE948_gov_116736,DE948_msft_45531,2.0,,,yes
DE948_gov_117583,DE948_msft_75566,2.0,,,yes
DE948_gov_119599,DE948_msft_58624,2.0,,,yes
DE948_gov_153158,DE948_msft_70400,2.0,,,yes
DE948_gov_167171,DE948_msft_42095,,2.0,1.0,no
DE948_gov_172268,DE948_msft_52864,,2.0,2.0,no
DE948_gov_178266,DE948_msft_28408,,2.0,1.0,no
DE948_gov_180161,DE948_msft_19952,2.0,,,yes
DE948_gov_185672,DE948_msft_27082,2.0,,,yes
DE948_gov_89262,DE948_msft_38225,2.0,,,yes
DE94D_gov_12521,DE94D_msft_57971,2.0,,,yes
DE94D_gov_129457,DE94D_msft_45733,2.0,,,yes
DE94D_gov_132876,DE94D_msft_71608,2.0,,,yes
DE94D_gov_143210,DE94D_msft_71686,2.0,,,yes
DE94D_gov_19587,DE94D_msft_46731,1.0,3.0,,no
DE94D_gov_30316,DE94D_msft_40013,2.0,,,yes
DE94D_gov_36058,DE94D_msft_72010,2.0,,,yes
DE94D_gov_52346,DE94D_msft_62552,2.0,,,yes
DE94D_gov_62807,DE94D_msft_65814,,2.0,,no
DE94F_gov_106604,DE94F_osm_23152,2.0,,,yes
DE94F_gov_117755,DE94F_osm_34913,2.0,,,yes
DE94F_gov_121180,DE94F_osm_66414,2.0,,,yes
DE94F_gov_132809,DE94F_osm_8472,,2.0,,no
DE94F_gov_136332,DE94F_osm_8199,2.0,,,yes
DE94F_gov_23873,DE94F_osm_32321,2.0,,,yes
DE94F_gov_50662,DE94F_osm_4990,2.0,,,yes
DE94F_gov_89763,DE94F_osm_12065,2.0,,,yes
DEA16_gov_13200,DEA16_osm_17672,,2.0,,no
DEA16_gov_3736,DEA16_osm_38269,,2.0,,no
DEA16_gov_8052,DEA16_osm_17795,,2.0,,no
DEA16_gov_8964,DEA16_osm_22377,,2.0,,no
DEA17_osm_14949,DEA17_msft_26439,,2.0,,no
DEA17_osm_29765,DEA17_msft_7684,2.0,,,yes
DEA17_osm_38008,DEA17_msft_15198,3.0,1.0,,yes
DEA17_osm_5751,DEA17_msft_34802,2.0,,,yes
DEA17_osm_58022,DEA17_msft_1292,2.0,,,yes
DEA17_osm_61161,DEA17_msft_2106,2.0,,,yes
DEA17_osm_6136,DEA17_msft_20599,2.0,,,yes
DEA17_osm_6670,DEA17_msft_18463,2.0,,,yes
DEA1E_gov_70857,DEA1E_osm_86972,,2.0,,no
DEA1E_gov_99130,DEA1E_osm_103666,,2.0,,no
DEA24_gov_37235,DEA24_osm_37764,2.0,,,yes
DEA24_gov_66252,DEA24_osm_52470,2.0,,,yes
DEA24_gov_67050,DEA24_osm_36335,2.0,,,yes
DEA24_gov_67438,DEA24_osm_37039,2.0,,,yes
DEA24_gov_69267,DEA24_osm_11483,2.0,,,yes
DEA24_gov_69911,DEA24_osm_36283,2.0,,,yes
DEA24_gov_70108,DEA24_osm_40406,3.0,1.0,,yes
DEA24_gov_70546,DEA24_osm_2783,2.0,,,yes
DEA24_gov_70756,DEA24_osm_37685,2.0,,,yes
DEA24_gov_71826,DEA24_osm_67709,2.0,,,yes
DEA24_gov_76721,DEA24_osm_7812,2.0,,,yes
DEA28_gov_120875,DEA28_osm_96733,2.0,,,yes
DEA28_gov_15505,DEA28_osm_42065,2.0,,,yes
DEA28_gov_186033,DEA28_osm_19668,2.0,,,yes
DEA28_gov_195704,DEA28_osm_107365,2.0,,,yes
DEA28_gov_56783,DEA28_osm_13945,2.0,,,yes
DEA28_gov_96779,DEA28_osm_90349,2.0,,,yes
DEA2D_gov_109482,DEA2D_msft_101474,2.0,,,yes
DEA2D_gov_112048,DEA2D_msft_102710,2.0,,,yes
DEA2D_gov_133534,DEA2D_msft_73924,,2.0,,no
DEA2D_gov_148255,DEA2D_msft_91784,2.0,,,yes
DEA2D_gov_191534,DEA2D_msft_6108,2.0,,,yes
DEA2D_gov_207578,DEA2D_msft_14262,2.0,,,yes
DEA2D_gov_227926,DEA2D_msft_15212,,2.0,,no
DEA2D_gov_248101,DEA2D_msft_32471,2.0,,,yes
DEA2D_gov_256952,DEA2D_msft_31254,2.0,,,yes
DEA2D_gov_324599,DEA2D_msft_57265,2.0,,,yes
DEA2D_gov_36643,DEA2D_msft_65536,2.0,,,yes
DEA2D_gov_73220,DEA2D_msft_50548,2.0,,,yes
DEA2D_gov_92900,DEA2D_msft_92435,2.0,,,yes
DEA31_gov_26827,DEA31_osm_47665,2.0,,,yes
DEA31_gov_2796,DEA31_osm_7030,2.0,,,yes
DEA31_gov_31857,DEA31_osm_14280,2.0,,,yes
DEA31_gov_61560,DEA31_osm_46669,2.0,,,yes
DEA31_gov_66370,DEA31_osm_34929,2.0,,,yes
DEA33_gov_101038,DEA33_msft_51302,2.0,,,yes
DEA33_gov_124602,DEA33_msft_2057,2.0,,,yes
DEA33_gov_132787,DEA33_msft_3562,2.0,,,yes
DEA33_gov_23006,DEA33_msft_47434,2.0,,,yes
DEA33_gov_27192,DEA33_msft_20497,2.0,,,yes
DEA33_gov_30499,DEA33_msft_46362,2.0,,,yes
DEA33_gov_43432,DEA33_msft_2528,2.0,,,yes
DEA33_gov_81233,DEA33_msft_20784,2.0,,,yes
DEA33_gov_90750,DEA33_msft_15213,2.0,,,yes
DEA37_osm_129617,DEA37_msft_82197,,2.0,,no
DEA37_osm_170640,DEA37_msft_117960,,2.0,,no
DEA37_osm_216137,DEA37_msft_145891,2.0,,1.0,yes
DEA37_osm_253758,DEA37_msft_166716,,2.0,,no
DEA37_osm_36314,DEA37_msft_30277,2.0,,,yes
DEA47_gov_112823,DEA47_osm_125745,2.0,,,yes
DEA47_gov_11472,DEA47_osm_23359,2.0,,,yes
DEA47_gov_120552,DEA47_osm_5518,2.0,,,yes
DEA47_gov_121443,DEA47_osm_48494,2.0,,,yes
DEA47_gov_174643,DEA47_osm_68968,2.0,,,yes
DEA47_gov_174996,DEA47_osm_21596,2.0,,,yes
DEA47_gov_175782,DEA47_osm_151490,2.0,,,yes
DEA47_gov_177998,DEA47_osm_34267,2.0,,,yes
DEA47_gov_180601,DEA47_osm_106540,2.0,,,yes
DEA47_gov_184174,DEA47_osm_130105,2.0,,,yes
DEA47_gov_188808,DEA47_osm_101822,2.0,,,yes
DEA47_gov_61730,DEA47_osm_152193,2.0,,,yes
DEA47_gov_72151,DEA47_osm_87385,2.0,,,yes
DEA47_gov_78462,DEA47_osm_1906,2.0,,,yes
DEA47_gov_78659,DEA47_osm_76236,2.0,,,yes
DEA47_gov_84116,DEA47_osm_140906,2.0,,,yes
DEA51_gov_40991,DEA51_osm_67960,2.0,,,yes
DEA51_gov_46720,DEA51_osm_30980,,2.0,,no
DEA52_gov_105414,DEA52_osm_55766,2.0,,,yes
DEA52_gov_133328,DEA52_osm_196965,2.0,,,yes
DEA52_gov_152953,DEA52_osm_122626,2.0,,,yes
DEA52_gov_190428,DEA52_osm_145703,2.0,,,yes
DEA52_gov_211186,DEA52_osm_147607,2.0,,,yes
DEA52_gov_56241,DEA52_osm_183156,2.0,,,yes
DEA58_osm_101181,DEA58_msft_34548,2.0,,,yes
DEA58_osm_133809,DEA58_msft_27906,2.0,,,yes
DEA58_osm_145542,DEA58_msft_23252,,2.0,,no
DEA58_osm_158462,DEA58_msft_2327,,2.0,,no
DEA58_osm_163147,DEA58_msft_3335,2.0,,,yes
DEA58_osm_166171,DEA58_msft_4385,2.0,,,yes
DEA58_osm_24232,DEA58_msft_85251,2.0,,,yes
DEA58_osm_75298,DEA58_msft_31585,,2.0,,no
DEA58_osm_87806,DEA58_msft_50235,2.0,,1.0,yes
DEA58_osm_89832,DEA58_msft_51657,2.0,,,yes
DEB11_osm_10116,DEB11_msft_1646,,2.0,,no
DEB11_osm_10330,DEB11_msft_1672,,2.0,,no
DEB11_osm_11217,DEB11_msft_7584,2.0,,,yes
DEB11_osm_12516,DEB11_msft_1734,2.0,,,yes
DEB11_osm_12605,DEB11_msft_6386,,2.0,,no
DEB11_osm_15436,DEB11_msft_3061,2.0,,,yes
DEB11_osm_20288,DEB11_msft_10727,2.0,,,yes
DEB11_osm_21485,DEB11_msft_5719,2.0,,,yes
DEB11_osm_22367,DEB11_msft_14247,,2.0,,no
DEB11_osm_22371,DEB11_msft_10129,,2.0,,no
DEB11_osm_5729,DEB11_msft_11272,2.0,,,yes
DEB11_osm_6202,DEB11_msft_5842,2.0,,,yes
DEB11_osm_9824,DEB11_msft_14011,,2.0,,no
DEB3J_osm_10021,DEB3J_msft_3459,2.0,,,yes
DEB3J_osm_13103,DEB3J_msft_10767,2.0,,,yes
DEB3J_osm_21090,DEB3J_msft_15862,2.0,,1.0,yes
DEB3J_osm_28708,DEB3J_msft_23829,2.0,,,yes
DEB3J_osm_41863,DEB3J_msft_32557,2.0,,2.0,yes
DEB3J_osm_42816,DEB3J_msft_20610,2.0,,,yes
DEB3J_osm_43148,DEB3J_msft_30023,2.0,,,yes
DEB3J_osm_43859,DEB3J_msft_21232,2.0,,,yes
DEB3J_osm_44093,DEB3J_msft_29855,2.0,,,yes
DEB3J_osm_45382,DEB3J_msft_35639,2.0,,,yes
DEB3J_osm_60110,DEB3J_msft_12460,2.0,,,yes
DEB3J_osm_6466,DEB3J_msft_55937,2.0,,1.0,yes
DEB3J_osm_68906,DEB3J_msft_52856,,2.0,,no
DEB3J_osm_7773,DEB3J_msft_50901,2.0,,,yes
DEB3J_osm_82789,DEB3J_msft_62012,2.0,,1.0,yes
DEB3J_osm_86885,DEB3J_msft_65779,2.0,,,yes
DED51_gov_102945,DED51_msft_52733,2.0,,,yes
DED51_gov_25856,DED51_msft_45513,2.0,,,yes
DED51_gov_25974,DED51_msft_6596,2.0,,,yes
DED51_gov_57941,DED51_msft_90391,2.0,,,yes
DED53_gov_117585,DED53_osm_55258,,2.0,,no
DED53_gov_119539,DED53_osm_58389,2.0,,,yes
DED53_gov_16277,DED53_osm_33021,2.0,,,yes
DED53_gov_33040,DED53_osm_38750,2.0,,,yes
DED53_gov_37360,DED53_osm_79965,2.0,,,yes
DED53_gov_79411,DED53_osm_105451,2.0,,,yes
DED53_gov_97733,DED53_osm_83916,2.0,,,yes
DED53_gov_97773,DED53_osm_83430,2.0,,,yes
DEE07_gov_107159,DEE07_msft_77608,2.0,,,yes
DEE07_gov_136941,DEE07_msft_101225,2.0,,,yes
DEE07_gov_38969,DEE07_msft_35464,2.0,,,yes
DEE07_gov_63474,DEE07_msft_46053,2.0,,,yes
DEE07_gov_72152,DEE07_msft_56935,,2.0,,no
DEE07_gov_88782,DEE07_msft_69374,2.0,,,yes
DEF08_osm_106186,DEF08_msft_111311,,2.0,,no
DEF08_osm_111410,DEF08_msft_130182,2.0,,,yes
DEF08_osm_118,DEF08_msft_120627,2.0,,,yes
DEF08_osm_32088,DEF08_msft_40861,2.0,,,yes
DEF08_osm_49149,DEF08_msft_40255,2.0,,,yes
DEF08_osm_63351,DEF08_msft_26025,2.0,,,yes
DEF08_osm_64778,DEF08_msft_80427,2.0,,,yes
DEF08_osm_66273,DEF08_msft_81984,2.0,,,yes
DEF08_osm_87451,DEF08_msft_97888,,2.0,,no
DEF08_osm_8947,DEF08_msft_96588,,2.0,,no
DEF08_osm_90576,DEF08_msft_96424,2.0,,,yes
DEF08_osm_92554,DEF08_msft_16303,,2.0,,no
DEF0F_osm_21687,DEF0F_msft_42183,,2.0,,no
DEF0F_osm_29397,DEF0F_msft_2194,2.0,,,yes
DEF0F_osm_30312,DEF0F_msft_27039,2.0,,,yes
DEF0F_osm_32692,DEF0F_msft_26224,2.0,,,yes
DEF0F_osm_46030,DEF0F_msft_47546,,2.0,,no
DEF0F_osm_67769,DEF0F_msft_6980,2.0,,1.0,yes
DEF0F_osm_68849,DEF0F_msft_9870,,2.0,,no
DEF0F_osm_80733,DEF0F_msft_87533,2.0,,,yes
DEF0F_osm_84166,DEF0F_msft_3953,2.0,,,yes
DEF0F_osm_9412,DEF0F_msft_67081,2.0,,,yes
DEG03_gov_15785,DEG03_osm_1521,2.0,,,yes
DEG03_gov_21101,DEG03_osm_2189,2.0,,,yes
DEG03_gov_23441,DEG03_osm_22903,2.0,,,yes
DEG03_gov_24409,DEG03_osm_22650,2.0,,,yes
DEG03_gov_29059,DEG03_osm_11430,2.0,,,yes
DEG03_gov_35548,DEG03_osm_17685,2.0,,,yes
DEG03_gov_36636,DEG03_osm_11230,2.0,,,yes
DEG03_gov_41013,DEG03_osm_23557,2.0,,,yes
DEG03_gov_43813,DEG03_osm_21225,2.0,,,yes
DEG03_gov_44798,DEG03_osm_19410,2.0,,,yes
DEG03_gov_8921,DEG03_osm_11678,2.0,,,yes
DEG07_gov_18680,DEG07_msft_28820,2.0,,,yes
DEG07_gov_39004,DEG07_msft_32946,2.0,,,yes
DEG07_gov_39975,DEG07_msft_32467,2.0,,,yes
DEG07_gov_40461,DEG07_msft_34263,2.0,,,yes
DEG07_gov_44483,DEG07_msft_7094,2.0,,,yes
DEG07_gov_48719,DEG07_msft_5640,2.0,,,yes
DEG07_gov_50642,DEG07_msft_30935,2.0,,,yes
DEG07_gov_6387,DEG07_msft_39360,2.0,,,yes
DEG07_gov_63905,DEG07_msft_2822,2.0,,,yes
DEG07_gov_81316,DEG07_msft_16154,2.0,,,yes
DEG0A_gov_108827,DEG0A_osm_14181,2.0,,,yes
DEG0A_gov_111715,DEG0A_osm_19120,2.0,,,yes
DEG0A_gov_45840,DEG0A_osm_40616,2.0,,,yes
DEG0A_gov_7308,DEG0A_osm_33468,2.0,,,yes
DEG0E_osm_25331,DEG0E_msft_27362,,2.0,,no
DEG0H_gov_32244,DEG0H_msft_20252,,2.0,,no
DEG0H_gov_45162,DEG0H_msft_27590,,2.0,,no
DEG0L_gov_112262,DEG0L_msft_38131,,2.0,,no
DEG0L_gov_43963,DEG0L_msft_46285,,2.0,,no
DEG0M_gov_17083,DEG0M_msft_37885,2.0,,,yes
DEG0M_gov_53167,DEG0M_msft_6013,,2.0,,no
DEG0M_gov_57402,DEG0M_msft_11386,2.0,,,yes
DEG0M_gov_58154,DEG0M_msft_40123,2.0,,,yes
DEG0M_gov_63354,DEG0M_msft_46834,2.0,,,yes
DEG0M_gov_76730,DEG0M_msft_26108,2.0,,,yes
DEG0M_gov_83998,DEG0M_msft_19199,2.0,,,yes
DK032_osm_143238,DK032_msft_84432,,2.0,1.0,no
DK032_osm_217109,DK032_msft_172269,2.0,,,yes
DK032_osm_340648,DK032_msft_305929,,2.0,,no
DK032_osm_352001,DK032_msft_314807,,2.0,1.0,no
DK032_osm_401767,DK032_msft_369645,,2.0,,no
DK032_osm_411131,DK032_msft_387598,,2.0,,no
DK032_osm_434853,DK032_msft_380280,,2.0,,no
DK032_osm_439302,DK032_msft_421396,2.0,,,yes
DK032_osm_469888,DK032_msft_451960,2.0,,,yes
DK032_osm_470469,DK032_msft_478905,,2.0,,no
DK032_osm_76284,DK032_msft_61152,2.0,,,yes
DK041_gov_117873,DK041_msft_81402,2.0,,,yes
DK041_gov_209505,DK041_msft_145708,2.0,,,yes
DK041_gov_275237,DK041_msft_174597,2.0,,,yes
DK041_gov_313132,DK041_msft_193759,,2.0,,no
DK041_gov_353361,DK041_msft_228717,,2.0,,no
DK041_gov_371293,DK041_msft_226566,2.0,,,yes
DK041_gov_412349,DK041_msft_266334,2.0,,,yes
DK041_gov_491419,DK041_msft_318765,,2.0,2.0,no
DK041_gov_534718,DK041_msft_300116,2.0,,,yes
DK041_gov_97567,DK041_msft_73693,2.0,,,yes
DK050_gov_25681,DK050_msft_13849,,2.0,,no
EE001_gov_107346,EE001_osm_130109,2.0,,1.0,yes
EE001_gov_124579,EE001_osm_17753,2.0,,,yes
EE001_gov_131652,EE001_osm_7572,2.0,,,yes
EE001_gov_139813,EE001_osm_174252,2.0,,,yes
EE001_gov_150484,EE001_osm_178456,2.0,,,yes
EE001_gov_19029,EE001_osm_177177,2.0,,,yes
EE001_gov_23239,EE001_osm_145516,2.0,,,yes
EE001_gov_36421,EE001_osm_99467,2.0,,,yes
EE001_gov_48704,EE001_osm_58291,2.0,,,yes
EE001_gov_55742,EE001_osm_55532,2.0,,,yes
EE001_gov_72951,EE001_osm_85147,2.0,,,yes
EE001_gov_97070,EE001_osm_111203,2.0,,,yes
EL303_osm_43522,EL303_msft_7531,,2.0,,no
EL303_osm_75666,EL303_msft_19000,,2.0,,no
EL306_osm_192,EL306_msft_54896,,2.0,,no
EL306_osm_4081,EL306_msft_3603,,2.0,,no
EL411_osm_15851,EL411_msft_87795,1.0,3.0,,no
EL411_osm_16657,EL411_msft_89285,2.0,,,yes
EL411_osm_2014,EL411_msft_3757,,2.0,,no
EL411_osm_20489,EL411_msft_99550,2.0,,,yes
EL411_osm_20574,EL411_msft_100819,2.0,,,yes
EL411_osm_22465,EL411_msft_106984,,2.0,,no
EL411_osm_23416,EL411_msft_110742,2.0,,,yes
EL411_osm_544,EL411_msft_7177,2.0,,,yes
EL411_osm_6100,EL411_msft_20324,,2.0,,no
EL411_osm_7927,EL411_msft_5802,,2.0,,no
EL651_osm_11277,EL651_msft_17832,2.0,,,yes
EL651_osm_11389,EL651_msft_101750,2.0,,,yes
EL651_osm_11661,EL651_msft_103816,2.0,,,yes
EL651_osm_12883,EL651_msft_118589,2.0,,,yes
EL651_osm_12899,EL651_msft_120599,,2.0,,no
EL651_osm_13294,EL651_msft_117970,,2.0,,no
EL651_osm_4089,EL651_msft_72720,,2.0,,no
EL651_osm_5717,EL651_msft_77925,,2.0,,no
EL651_osm_5900,EL651_msft_79779,2.0,,,yes
EL651_osm_6528,EL651_msft_85359,2.0,,,yes
EL651_osm_7427,EL651_msft_85212,,2.0,2.0,no
EL651_osm_7705,EL651_msft_84411,,2.0,,no
ES112_gov_107166,ES112_osm_21781,2.0,,,yes
ES112_gov_14418,ES112_osm_30300,2.0,,,yes
ES112_gov_16330,ES112_osm_15685,2.0,,,yes
ES112_gov_251614,ES112_osm_21738,3.0,1.0,,yes
ES112_gov_261007,ES112_osm_23853,,2.0,,no
ES112_gov_27607,ES112_osm_31853,2.0,,,yes
ES112_gov_294351,ES112_osm_12681,1.0,3.0,,no
ES112_gov_306699,ES112_osm_19880,2.0,,,yes
ES112_gov_59302,ES112_osm_14716,,2.0,2.0,no
ES112_gov_69760,ES112_osm_13441,2.0,,,yes
ES112_gov_76720,ES112_osm_28657,2.0,,,yes
ES112_gov_76799,ES112_osm_14528,,2.0,,no
ES112_gov_76832,ES112_osm_14428,2.0,,,yes
ES114_gov_100557,ES114_msft_272888,2.0,,,yes
ES114_gov_242165,ES114_msft_80143,2.0,,,yes
ES114_gov_296783,ES114_msft_13698,2.0,,,yes
ES114_gov_297703,ES114_msft_11302,2.0,,,yes
ES114_gov_344048,ES114_msft_165790,2.0,,,yes
ES114_gov_411979,ES114_msft_164132,,2.0,,no
ES114_gov_417824,ES114_msft_147683,2.0,,,yes
ES114_gov_419815,ES114_msft_154518,2.0,,,yes
ES114_gov_85489,ES114_msft_283250,2.0,,,yes
ES130_gov_127966,ES130_osm_43537,2.0,,,yes
ES130_gov_136363,ES130_osm_83135,2.0,,,yes
ES130_gov_166980,ES130_osm_75719,2.0,,,yes
ES130_gov_173393,ES130_osm_68763,,2.0,,no
ES130_gov_190554,ES130_osm_86003,2.0,,,yes
ES130_gov_200008,ES130_osm_25860,2.0,,,yes
ES130_gov_205997,ES130_osm_61866,2.0,,,yes
ES130_gov_206788,ES130_osm_36248,2.0,,,yes
ES130_gov_36564,ES130_osm_64983,2.0,,,yes
ES130_gov_47389,ES130_osm_62072,2.0,,,yes
ES130_gov_4764,ES130_osm_49633,2.0,,,yes
ES130_gov_54264,ES130_osm_25088,2.0,,,yes
ES300_gov_141735,ES300_msft_156121,,2.0,,no
ES300_gov_42853,ES300_msft_169045,,2.0,,no
ES300_gov_456113,ES300_msft_50422,,2.0,,no
ES411_gov_148403,ES411_msft_22570,2.0,,,yes
ES411_gov_210300,ES411_msft_24645,2.0,,,yes
ES411_gov_36750,ES411_msft_42053,2.0,,,yes
ES411_gov_65433,ES411_msft_78735,2.0,,,yes
ES418_osm_11148,ES418_msft_2252,2.0,,,yes
ES418_osm_16293,ES418_msft_13751,2.0,,,yes
ES418_osm_2656,ES418_msft_23465,2.0,,,yes
ES418_osm_32626,ES418_msft_5100,,2.0,,no
ES418_osm_3299,ES418_msft_13610,2.0,,,yes
ES418_osm_3375,ES418_msft_11294,2.0,,,yes
ES418_osm_35017,ES418_msft_22090,2.0,,,yes
ES418_osm_35900,ES418_msft_13766,,2.0,,no
ES418_osm_37090,ES418_msft_16743,2.0,,,yes
ES418_osm_6514,ES418_msft_3131,2.0,,,yes
ES423_gov_117167,ES423_osm_35572,,2.0,,no
ES423_gov_138002,ES423_osm_21299,2.0,,,yes
ES425_osm_13226,ES425_msft_56417,1.0,3.0,,no
ES425_osm_23921,ES425_msft_117133,2.0,,,yes
ES425_osm_23962,ES425_msft_115247,2.0,,,yes
ES425_osm_24285,ES425_msft_12345,2.0,,,yes
ES425_osm_24968,ES425_msft_117571,2.0,,,yes
ES425_osm_30387,ES425_msft_78836,2.0,,,yes
ES425_osm_30795,ES425_msft_78069,2.0,,,yes
ES425_osm_30853,ES425_msft_79033,2.0,,,yes
ES425_osm_32764,ES425_msft_65322,2.0,,1.0,yes
ES425_osm_34295,ES425_msft_129460,2.0,,,yes
ES425_osm_36876,ES425_msft_131678,2.0,,,yes
ES425_osm_37727,ES425_msft_43025,2.0,,,yes
ES425_osm_39158,ES425_msft_145774,2.0,,,yes
ES425_osm_39753,ES425_msft_39914,2.0,,1.0,yes
ES425_osm_41723,ES425_msft_27416,2.0,,,yes
ES425_osm_5468,ES425_msft_16721,2.0,,,yes
ES425_osm_8794,ES425_msft_147242,,2.0,,no
ES531_gov_11797,ES531_msft_34898,,2.0,,no
ES531_gov_2152,ES531_msft_33693,,2.0,,no
ES531_gov_41041,ES531_msft_5948,,2.0,,no
ES616_gov_226075,ES616_osm_39323,2.0,,,yes
ES616_gov_55594,ES616_osm_23246,,2.0,1.0,no
ES640_gov_10875,ES640_osm_2412,,2.0,,no
ES640_gov_10888,ES640_osm_3825,,2.0,,no
ES640_gov_10948,ES640_osm_3825,,2.0,,no
ES640_gov_6009,ES640_osm_857,,2.0,,no
FI195_gov_132410,FI195_osm_60926,2.0,,,yes
FI195_gov_133930,FI195_osm_57288,,2.0,,no
FI195_gov_168171,FI195_osm_67405,2.0,,,yes
FI195_gov_169127,FI195_osm_68114,2.0,,,yes
FI195_gov_169313,FI195_osm_67604,2.0,,,yes
FI195_gov_169916,FI195_osm_65732,2.0,,,yes
FI195_gov_175227,FI195_osm_66943,2.0,,,yes
FI195_gov_195542,FI195_osm_72264,2.0,,,yes
FI195_gov_29594,FI195_osm_9751,2.0,,,yes
FI195_gov_5310,FI195_osm_76001,2.0,,,yes
FI1C3_gov_172854,FI1C3_osm_128290,2.0,,,yes
FI1C3_gov_85702,FI1C3_osm_49740,2.0,,,yes
FI1C4_gov_137492,FI1C4_osm_112957,2.0,,,yes
FI1C4_gov_5934,FI1C4_osm_81851,,2.0,,no
FI1C4_gov_76607,FI1C4_osm_72936,,2.0,,no
FI1C4_gov_8546,FI1C4_osm_45310,2.0,,,yes
FI1C4_gov_87339,FI1C4_osm_97774,,2.0,,no
FI1C4_gov_89928,FI1C4_osm_92336,,2.0,,no
FI1C4_gov_92443,FI1C4_osm_116817,2.0,,,yes
FI1C4_gov_99585,FI1C4_osm_67578,,2.0,,no
FI1D1_gov_100407,FI1D1_msft_90901,2.0,,1.0,yes
FI1D1_gov_112676,FI1D1_msft_75157,,2.0,,no
FI1D1_gov_11525,FI1D1_msft_7370,2.0,,,yes
FI1D1_gov_130260,FI1D1_msft_96474,2.0,,,yes
FI1D1_gov_132621,FI1D1_msft_85154,2.0,,,yes
FI1D1_gov_16141,FI1D1_msft_7049,2.0,,,yes
FI1D1_gov_18748,FI1D1_msft_15101,2.0,,,yes
FI1D1_gov_187695,FI1D1_msft_118363,2.0,,,yes
FI1D1_gov_190650,FI1D1_msft_122669,2.0,,,yes
FI1D1_gov_27931,FI1D1_msft_22400,2.0,,,yes
FI1D1_gov_285016,FI1D1_msft_182875,2.0,,,yes
FI1D1_gov_310680,FI1D1_msft_201303,2.0,,,yes
FI1D1_gov_38505,FI1D1_msft_29028,2.0,,,yes
FI1D1_gov_46471,FI1D1_msft_29526,2.0,,,yes
FI1D1_gov_60940,FI1D1_msft_43871,2.0,,1.0,yes
FI1D1_gov_71950,FI1D1_msft_61875,2.0,,,yes
FI1D1_gov_95026,FI1D1_msft_66814,2.0,,,yes
FI1D1_gov_9892,FI1D1_msft_13636,2.0,,,yes
FI1D7_osm_117060,FI1D7_msft_193353,2.0,,,yes
FI1D7_osm_125200,FI1D7_msft_213078,2.0,,,yes
FI1D7_osm_22427,FI1D7_msft_210865,2.0,,,yes
FI1D7_osm_32160,FI1D7_msft_48506,,2.0,1.0,no
FI1D7_osm_335,FI1D7_msft_68189,2.0,,,yes
FI1D7_osm_42626,FI1D7_msft_58403,2.0,,,yes
FI1D7_osm_51440,FI1D7_msft_64656,2.0,,,yes
FI1D7_osm_59655,FI1D7_msft_73641,,2.0,,no
FI1D7_osm_74544,FI1D7_msft_85446,,2.0,,no
FI1D7_osm_88356,FI1D7_msft_129803,2.0,,,yes
FI1D7_osm_99329,FI1D7_msft_127554,2.0,,,yes
FI1D7_osm_99974,FI1D7_msft_132071,2.0,,,yes
FI1D8_gov_146237,FI1D8_msft_80435,2.0,,,yes
FI1D8_gov_17780,FI1D8_msft_19079,,2.0,,no
FI1D8_gov_24155,FI1D8_msft_19283,2.0,,,yes
FI1D8_gov_30995,FI1D8_msft_11136,2.0,,,yes
FI1D8_gov_80219,FI1D8_msft_61952,2.0,,,yes
FI1D8_gov_80959,FI1D8_msft_60401,2.0,,1.0,yes
FR102_gov_424933,FR102_msft_66227,,2.0,,no
FR102_gov_482844,FR102_msft_261143,,2.0,,no
FR102_gov_769880,FR102_msft_368810,,2.0,,no
FRB06_gov_263286,FRB06_osm_154186,,2.0,,no
FRB06_gov_414496,FRB06_osm_51682,2.0,,,yes
FRD12_gov_401308,FRD12_osm_69116,,2.0,,no
FRD12_gov_402099,FRD12_osm_57205,2.0,,,yes
FRD12_gov_432601,FRD12_osm_397573,2.0,,,yes
FRD12_gov_436498,FRD12_osm_191203,2.0,,,yes
FRD12_gov_470457,FRD12_osm_202628,2.0,,,yes
FRD12_gov_473955,FRD12_osm_255599,2.0,,,yes
FRD12_gov_510469,FRD12_osm_594035,2.0,,,yes
FRD12_gov_541511,FRD12_osm_311029,2.0,,,yes
FRD13_gov_146046,FRD13_msft_21154,2.0,,,yes
FRD13_gov_147872,FRD13_msft_21245,2.0,,,yes
FRD13_gov_238334,FRD13_msft_152608,2.0,,,yes
FRD13_gov_255274,FRD13_msft_108370,2.0,,,yes
FRD13_gov_275177,FRD13_msft_47762,2.0,,,yes
FRD13_gov_317170,FRD13_msft_23080,2.0,,,yes
FRD13_gov_321559,FRD13_msft_20198,2.0,,,yes
FRD13_gov_330345,FRD13_msft_138868,2.0,,,yes
FRD13_gov_333441,FRD13_msft_141495,2.0,,,yes
FRD13_gov_345475,FRD13_msft_146856,2.0,,,yes
FRD13_gov_94214,FRD13_msft_144021,2.0,,,yes
FRE12_gov_1032834,FRE12_msft_348302,2.0,,,yes
FRE12_gov_1076899,FRE12_msft_431564,2.0,,,yes
FRE12_gov_1106209,FRE12_msft_415028,2.0,,,yes
FRE12_gov_1107078,FRE12_msft_415031,2.0,,,yes
FRE12_gov_332413,FRE12_msft_137898,,2.0,,no
FRE12_gov_768825,FRE12_msft_311324,2.0,,,yes
FRE12_gov_777296,FRE12_msft_488802,2.0,,,yes
FRE12_gov_978282,FRE12_msft_233813,2.0,,,yes
FRE12_gov_985170,FRE12_msft_340664,2.0,,,yes
FRF21_gov_17766,FRF21_osm_182145,,2.0,,no
FRF23_gov_10318,FRF23_msft_121319,2.0,,,yes
FRF23_gov_118523,FRF23_msft_82783,2.0,,,yes
FRF23_gov_119301,FRF23_msft_84112,2.0,,,yes
FRF23_gov_135786,FRF23_msft_26278,2.0,,,yes
FRF23_gov_14228,FRF23_msft_65438,2.0,,1.0,yes
FRF23_gov_157689,FRF23_msft_125242,,2.0,,no
FRF23_gov_186773,FRF23_msft_123996,2.0,,,yes
FRF23_gov_40239,FRF23_msft_160541,2.0,,,yes
FRF23_gov_60814,FRF23_msft_178660,2.0,,,yes
FRF23_gov_72965,FRF23_msft_279787,2.0,,,yes
FRF23_gov_82256,FRF23_msft_273616,2.0,,,yes
FRF23_gov_99299,FRF23_msft_247104,2.0,,,yes
FRI13_gov_253894,FRI13_msft_57279,,2.0,,no
FRI13_gov_256877,FRI13_msft_293890,2.0,,,yes
FRI13_gov_430137,FRI13_msft_132158,2.0,,,yes
FRI13_gov_447733,FRI13_msft_161437,1.0,3.0,,no
FRI13_gov_494363,FRI13_msft_248451,2.0,,,yes
FRI13_gov_512408,FRI13_msft_113846,2.0,,,yes
FRI13_gov_515745,FRI13_msft_109842,2.0,,,yes
FRI13_gov_538826,FRI13_msft_224122,2.0,,,yes
FRI15_gov_385298,FRI15_msft_22762,2.0,,,yes
FRI15_gov_429016,FRI15_msft_129054,2.0,,,yes
FRI15_gov_473968,FRI15_msft_224399,2.0,,,yes
FRI15_gov_477205,FRI15_msft_225387,2.0,,,yes
FRI15_gov_493858,FRI15_msft_210987,3.0,1.0,,yes
FRI15_gov_547573,FRI15_msft_275044,2.0,,,yes
FRI15_gov_549462,FRI15_msft_51649,2.0,,,yes
FRI15_gov_553387,FRI15_msft_283010,2.0,,,yes
FRI15_gov_57824,FRI15_msft_32791,2.0,,,yes
FRI34_gov_167571,FRI34_osm_89595,2.0,,,yes
FRI34_gov_242301,FRI34_osm_518201,2.0,,,yes
FRI34_gov_300786,FRI34_osm_496822,2.0,,,yes
FRI34_gov_318403,FRI34_osm_159187,2.0,,,yes
FRI34_gov_322426,FRI34_osm_152659,,2.0,,no
FRI34_gov_330573,FRI34_osm_344432,2.0,,,yes
FRI34_gov_333374,FRI34_osm_34332,2.0,,,yes
FRI34_gov_345358,FRI34_osm_134847,2.0,,,yes
FRI34_gov_375508,FRI34_osm_44204,,2.0,,no
FRI34_gov_386035,FRI34_osm_95069,2.0,,,yes
FRI34_gov_428469,FRI34_osm_10252,2.0,,,yes
FRI34_gov_500648,FRI34_osm_242315,2.0,,,yes
FRI34_gov_500739,FRI34_osm_242206,2.0,,,yes
FRI34_gov_67684,FRI34_osm_241712,,2.0,,no
FRI34_gov_99881,FRI34_osm_297587,2.0,,,yes
FRJ13_gov_309659,FRJ13_osm_179446,2.0,,,yes
FRJ13_gov_444515,FRJ13_osm_814808,2.0,,,yes
FRJ13_gov_501143,FRJ13_osm_203998,2.0,,,yes
FRJ13_gov_525080,FRJ13_osm_860545,2.0,,,yes
FRJ13_gov_594581,FRJ13_osm_393940,2.0,,,yes
FRJ13_gov_638053,FRJ13_osm_581249,2.0,,,yes
FRJ13_gov_702999,FRJ13_osm_282300,2.0,,,yes
FRJ21_gov_118656,FRJ21_osm_44079,2.0,,,yes
FRJ21_gov_129605,FRJ21_osm_37282,2.0,,,yes
FRJ21_gov_139787,FRJ21_osm_57948,2.0,,,yes
FRJ21_gov_146563,FRJ21_osm_182316,2.0,,,yes
FRJ21_gov_182168,FRJ21_osm_228370,2.0,,,yes
FRJ21_gov_186078,FRJ21_osm_86986,2.0,,,yes
FRJ21_gov_210067,FRJ21_osm_110191,2.0,,,yes
FRJ21_gov_242700,FRJ21_osm_181481,2.0,,,yes
FRJ21_gov_253763,FRJ21_osm_56039,2.0,,,yes
FRL01_gov_115030,FRL01_msft_4779,2.0,,,yes
FRL01_gov_128325,FRL01_msft_108241,2.0,,,yes
FRL01_gov_145666,FRL01_msft_61759,2.0,,,yes
FRL01_gov_148574,FRL01_msft_50625,2.0,,,yes
FRL01_gov_150014,FRL01_msft_66465,2.0,,,yes
FRL01_gov_172631,FRL01_msft_58166,2.0,,,yes
FRL01_gov_180912,FRL01_msft_71285,2.0,,,yes
FRL01_gov_185478,FRL01_msft_66568,2.0,,,yes
FRL01_gov_82588,FRL01_msft_63405,2.0,,,yes
FRL01_gov_94323,FRL01_msft_23489,2.0,,,yes
FRL03_gov_123249,FRL03_osm_398505,2.0,,,yes
FRL03_gov_306686,FRL03_osm_188213,2.0,,,yes
FRL03_gov_411291,FRL03_osm_476256,2.0,,,yes
FRL03_gov_421736,FRL03_osm_424748,2.0,,,yes
FRL03_gov_435426,FRL03_osm_438597,2.0,,,yes
FRL03_gov_440367,FRL03_osm_443324,2.0,,,yes
FRL03_gov_458531,FRL03_osm_448184,2.0,,,yes
FRL03_gov_64443,FRL03_osm_477534,2.0,,,yes
FRL05_gov_103812,FRL05_osm_392953,2.0,,,yes
FRL05_gov_176573,FRL05_osm_505572,,2.0,,no
FRL05_gov_226874,FRL05_osm_84612,2.0,,,yes
FRL05_gov_380454,FRL05_osm_246177,2.0,,,yes
FRL05_gov_407387,FRL05_osm_865212,2.0,,,yes
FRL05_gov_535124,FRL05_osm_874770,2.0,,,yes
FRL05_gov_537654,FRL05_osm_853300,2.0,,,yes
FRL05_gov_548974,FRL05_osm_44295,2.0,,,yes
FRL05_gov_644362,FRL05_osm_517603,2.0,,,yes
FRL05_gov_662538,FRL05_osm_551093,2.0,,,yes
FRL05_gov_702228,FRL05_osm_421868,2.0,,,yes
FRL05_gov_708550,FRL05_osm_413851,2.0,,,yes
FRL05_gov_837270,FRL05_osm_303701,2.0,,,yes
FRL06_gov_133822,FRL06_osm_447581,,2.0,,no
FRL06_gov_218261,FRL06_osm_214283,2.0,,,yes
FRL06_gov_226342,FRL06_osm_149865,2.0,,,yes
FRL06_gov_226595,FRL06_osm_50693,2.0,,,yes
FRL06_gov_22824,FRL06_osm_162250,2.0,,,yes
FRL06_gov_271498,FRL06_osm_378373,2.0,,,yes
FRL06_gov_273207,FRL06_osm_132489,2.0,,,yes
FRL06_gov_309938,FRL06_osm_25934,2.0,,,yes
FRL06_gov_314204,FRL06_osm_492156,2.0,,,yes
FRL06_gov_321986,FRL06_osm_483104,2.0,,,yes
FRL06_gov_401146,FRL06_osm_242895,2.0,,,yes
FRL06_gov_448819,FRL06_osm_320454,2.0,,,yes
FRL06_gov_60483,FRL06_osm_225277,3.0,1.0,,yes
FRM02_gov_123698,FRM02_msft_21408,2.0,,,yes
FRM02_gov_131992,FRM02_msft_70283,2.0,,,yes
FRM02_gov_137429,FRM02_msft_72737,,2.0,,no
FRM02_gov_141401,FRM02_msft_36004,2.0,,,yes
FRM02_gov_141551,FRM02_msft_36633,2.0,,,yes
FRM02_gov_144539,FRM02_msft_4149,2.0,,,yes
FRM02_gov_146388,FRM02_msft_45898,2.0,,,yes
FRM02_gov_148188,FRM02_msft_40358,3.0,1.0,,yes
FRM02_gov_21105,FRM02_msft_41705,2.0,,,yes
FRM02_gov_99097,FRM02_msft_70362,2.0,,,yes
HU311_osm_102730,HU311_msft_42671,2.0,,,yes
HU311_osm_14063,HU311_msft_384123,2.0,,,yes
HU311_osm_155100,HU311_msft_345665,2.0,,,yes
HU311_osm_165888,HU311_msft_387683,2.0,,1.0,yes
HU311_osm_18653,HU311_msft_247284,2.0,,,yes
HU311_osm_23880,HU311_msft_163345,2.0,,,yes
HU311_osm_2518,HU311_msft_365937,2.0,,,yes
HU311_osm_25684,HU311_msft_110048,2.0,,,yes
HU311_osm_25909,HU311_msft_110007,2.0,,,yes
HU311_osm_395,HU311_msft_31098,,2.0,,no
HU311_osm_4066,HU311_msft_339399,2.0,,,yes
HU332_osm_24215,HU332_msft_79913,,2.0,,no
HU332_osm_2740,HU332_msft_263175,2.0,,,yes
HU332_osm_35338,HU332_msft_117616,2.0,,,yes
HU332_osm_65744,HU332_msft_209205,2.0,,,yes
HU332_osm_80599,HU332_msft_285435,2.0,,,yes
ITC34_gov_13423,ITC34_msft_33720,,2.0,,no
ITC34_gov_33102,ITC34_msft_57266,2.0,,,yes
ITC34_gov_42529,ITC34_msft_14272,2.0,,,yes
ITC34_gov_49932,ITC34_msft_952,2.0,,,yes
ITC34_gov_54736,ITC34_msft_5950,,2.0,,no
ITC34_gov_6333,ITC34_msft_47151,2.0,,,yes
ITC34_gov_65152,ITC34_msft_29798,2.0,,,yes
ITC34_gov_66496,ITC34_msft_19737,,2.0,,no
ITC43_osm_14533,ITC43_msft_19249,2.0,,,yes
ITC43_osm_18070,ITC43_msft_22631,2.0,,,yes
ITC43_osm_23408,ITC43_msft_28992,2.0,,,yes
ITC43_osm_28385,ITC43_msft_33700,,2.0,,no
ITC43_osm_33624,ITC43_msft_42172,,2.0,1.0,no
ITC43_osm_36877,ITC43_msft_44868,2.0,,,yes
ITC43_osm_40999,ITC43_msft_14954,2.0,,,yes
ITC43_osm_53969,ITC43_msft_6376,2.0,,,yes
ITC43_osm_60805,ITC43_msft_71542,2.0,,,yes
ITC43_osm_70085,ITC43_msft_82292,,2.0,2.0,no
ITC4A_gov_102207,ITC4A_osm_56569,2.0,,,yes
ITC4A_gov_143695,ITC4A_osm_22392,2.0,,,yes
ITC4A_gov_143805,ITC4A_osm_29088,2.0,,,yes
ITC4A_gov_151612,ITC4A_osm_77790,2.0,,,yes
ITC4A_gov_152911,ITC4A_osm_71937,2.0,,,yes
ITC4A_gov_161692,ITC4A_osm_9834,2.0,,,yes
ITC4A_gov_168985,ITC4A_osm_14273,1.0,3.0,,no
ITC4A_gov_173689,ITC4A_osm_10455,2.0,,,yes
ITC4A_gov_178801,ITC4A_osm_54622,2.0,,,yes
ITC4A_gov_183443,ITC4A_osm_7514,2.0,,,yes
ITC4A_gov_30410,ITC4A_osm_784,,2.0,2.0,no
ITC4A_gov_70375,ITC4A_osm_25606,2.0,,,yes
ITC4C_gov_205393,ITC4C_msft_157680,3.0,1.0,,yes
ITC4C_gov_280411,ITC4C_msft_217933,2.0,,,yes
ITC4C_gov_283536,ITC4C_msft_219095,2.0,,,yes
ITC4C_gov_314057,ITC4C_msft_2677,2.0,,,yes
ITC4C_gov_413365,ITC4C_msft_191860,2.0,,,yes
ITC4C_gov_414388,ITC4C_msft_166790,2.0,,,yes
ITC4C_gov_422668,ITC4C_msft_22931,2.0,,,yes
ITF14_gov_104380,ITF14_msft_59200,2.0,,,yes
ITF14_gov_33998,ITF14_msft_136222,,2.0,,no
ITF14_gov_45671,ITF14_msft_142610,2.0,,,yes
ITF14_gov_46379,ITF14_msft_143761,2.0,,,yes
ITF14_gov_7688,ITF14_msft_96922,2.0,,,yes
ITF14_gov_89933,ITF14_msft_14668,2.0,,,yes
ITF14_gov_95067,ITF14_msft_13992,2.0,,,yes
ITF21_osm_1771,ITF21_msft_29328,2.0,,,yes
ITF21_osm_1868,ITF21_msft_29320,,2.0,,no
ITF21_osm_4122,ITF21_msft_7059,,2.0,,no
ITF34_osm_10496,ITF34_msft_18211,,2.0,,no
ITF34_osm_11642,ITF34_msft_12279,2.0,,,yes
ITF34_osm_13360,ITF34_msft_58201,2.0,,,yes
ITF34_osm_15892,ITF34_msft_65616,2.0,,,yes
ITF34_osm_23154,ITF34_msft_112268,2.0,,,yes
ITF34_osm_27293,ITF34_msft_149781,2.0,,1.0,yes
ITF34_osm_5406,ITF34_msft_50625,2.0,,,yes
ITF34_osm_6610,ITF34_msft_39402,1.0,3.0,,no
ITF34_osm_9963,ITF34_msft_32930,,2.0,,no
ITF47_osm_153426,ITF47_msft_67253,2.0,,,yes
ITF47_osm_17510,ITF47_msft_21857,2.0,,1.0,yes
ITF47_osm_21111,ITF47_msft_14846,2.0,,,yes
ITF47_osm_219147,ITF47_msft_114300,,2.0,1.0,no
ITF47_osm_26848,ITF47_msft_20098,2.0,,,yes
ITF47_osm_313800,ITF47_msft_17062,2.0,,,yes
ITF47_osm_36641,ITF47_msft_133733,2.0,,,yes
ITF47_osm_37648,ITF47_msft_35420,2.0,,,yes
ITF47_osm_39805,ITF47_msft_31633,2.0,,,yes
ITF47_osm_4233,ITF47_msft_159536,2.0,,,yes
ITF47_osm_54103,ITF47_msft_130419,2.0,,,yes
ITF47_osm_55417,ITF47_msft_131675,2.0,,,yes
ITF47_osm_68222,ITF47_msft_37816,2.0,,,yes
ITF51_gov_144009,ITF51_msft_78123,2.0,,,yes
ITF51_gov_192949,ITF51_msft_104848,1.0,3.0,,no
ITF51_gov_209952,ITF51_msft_119204,2.0,,,yes
ITF51_gov_28986,ITF51_msft_14398,2.0,,,yes
ITF51_gov_309469,ITF51_msft_163921,2.0,,,yes
ITF51_gov_6613,ITF51_msft_3247,2.0,,,yes
ITF51_gov_66684,ITF51_msft_35106,,2.0,,no
ITF51_gov_90861,ITF51_msft_49101,2.0,,,yes
ITF62_gov_23517,ITF62_msft_15314,,2.0,1.0,no
ITF62_gov_38078,ITF62_msft_21958,2.0,,,yes
ITG16_osm_11956,ITG16_msft_11763,2.0,,,yes
ITG16_osm_32457,ITG16_msft_38985,2.0,,,yes
ITG16_osm_33026,ITG16_msft_37664,2.0,,,yes
ITG16_osm_33047,ITG16_msft_40513,2.0,,,yes
ITG16_osm_42583,ITG16_msft_55620,2.0,,,yes
ITG16_osm_44611,ITG16_msft_61078,,2.0,1.0,no
ITG16_osm_52765,ITG16_msft_73974,,2.0,,no
ITG16_osm_55736,ITG16_msft_78606,2.0,,,yes
ITG27_gov_25331,ITG27_msft_6915,2.0,,,yes
ITG27_gov_28293,ITG27_msft_105872,2.0,,,yes
ITG27_gov_28493,ITG27_msft_105707,2.0,,,yes
ITG27_gov_29602,ITG27_msft_104971,2.0,,,yes
ITG27_gov_33963,ITG27_msft_162679,2.0,,,yes
ITG27_gov_42108,ITG27_msft_166652,2.0,,1.0,yes
ITG27_gov_42250,ITG27_msft_14707,2.0,,,yes
ITG27_gov_42870,ITG27_msft_142427,2.0,,1.0,yes
ITG27_gov_60485,ITG27_msft_49627,2.0,,,yes
ITG27_gov_65419,ITG27_msft_51992,2.0,,,yes
ITG27_gov_8892,ITG27_msft_130573,3.0,,,yes
ITG29_gov_16640,ITG29_osm_52883,2.0,,,yes
ITG29_gov_40930,ITG29_osm_43555,2.0,,,yes
ITG29_gov_43267,ITG29_osm_46789,2.0,,,yes
ITG29_gov_44181,ITG29_osm_47320,2.0,,,yes
ITG29_gov_47390,ITG29_osm_38440,2.0,,,yes
ITG29_gov_5762,ITG29_osm_23203,2.0,,,yes
ITG29_gov_8061,ITG29_osm_14340,2.0,,,yes
ITG2A_osm_12129,ITG2A_msft_13443,,2.0,,no
ITG2A_osm_20922,ITG2A_msft_22022,2.0,,1.0,yes
ITG2A_osm_24904,ITG2A_msft_29548,2.0,,,yes
ITG2A_osm_418,ITG2A_msft_22751,2.0,,2.0,yes
ITG2A_osm_4594,ITG2A_msft_3948,2.0,,,yes
ITG2A_osm_6106,ITG2A_msft_7105,2.0,,,yes
ITG2A_osm_7549,ITG2A_msft_10006,2.0,,,yes
ITG2C_gov_11059,ITG2C_msft_1651,,2.0,,no
ITG2C_gov_14744,ITG2C_msft_11041,,2.0,,no
ITH56_gov_102425,ITH56_msft_8996,2.0,,,yes
ITH56_gov_11510,ITH56_msft_95357,,2.0,,no
ITH56_gov_120496,ITH56_msft_13850,2.0,,,yes
ITH56_gov_145960,ITH56_msft_44284,2.0,,,yes
ITH56_gov_161473,ITH56_msft_44219,1.0,3.0,,no
ITH56_gov_22310,ITH56_msft_92855,2.0,,,yes
ITH56_gov_36186,ITH56_msft_79546,2.0,,,yes
ITH56_gov_37996,ITH56_msft_71023,2.0,,,yes
ITH56_gov_43913,ITH56_msft_129650,2.0,,1.0,yes
ITH56_gov_68713,ITH56_msft_105033,2.0,,,yes
ITH56_gov_8146,ITH56_msft_64212,2.0,,,yes
ITH56_gov_89186,ITH56_msft_23252,,2.0,1.0,no
ITH56_gov_93879,ITH56_msft_25436,2.0,,,yes
ITI16_gov_11222,ITI16_osm_64111,2.0,,,yes
ITI16_gov_13211,ITI16_osm_63808,2.0,,,yes
ITI16_gov_34285,ITI16_osm_90537,2.0,,,yes
ITI16_gov_35408,ITI16_osm_87393,2.0,,,yes
ITI16_gov_38292,ITI16_osm_84510,2.0,,,yes
ITI16_gov_4762,ITI16_osm_58366,2.0,,,yes
ITI16_gov_67599,ITI16_osm_80823,2.0,,,yes
ITI16_gov_67847,ITI16_osm_84842,2.0,,,yes
ITI16_gov_8158,ITI16_osm_62105,2.0,,,yes
ITI16_gov_90304,ITI16_osm_51727,2.0,,,yes
ITI16_gov_90656,ITI16_osm_42231,2.0,,1.0,yes
ITI16_gov_98881,ITI16_osm_995,2.0,,,yes
ITI17_osm_102289,ITI17_msft_34596,,2.0,1.0,no
ITI17_osm_134185,ITI17_msft_10175,,2.0,,no
ITI18_gov_100995,ITI18_osm_121428,,2.0,,no
ITI18_gov_113373,ITI18_osm_154708,,2.0,,no
ITI18_gov_66832,ITI18_osm_121432,,2.0,,no
ITI42_gov_14877,ITI42_msft_7382,2.0,,,yes
ITI42_gov_163622,ITI42_msft_76966,2.0,,,yes
ITI42_gov_30254,ITI42_msft_15016,2.0,,,yes
ITI42_gov_33920,ITI42_msft_16713,2.0,,,yes
ITI42_gov_47133,ITI42_msft_22315,2.0,,,yes
ITI42_gov_69051,ITI42_msft_33020,,2.0,,no
ITI42_gov_78788,ITI42_msft_37734,2.0,,,yes
ITI42_gov_86112,ITI42_msft_41429,2.0,,,yes
ITI43_osm_322521,ITI43_msft_406298,,2.0,,no
ITI44_gov_211162,ITI44_osm_94771,2.0,,,yes
ITI44_gov_213362,ITI44_osm_95815,2.0,,,yes
ITI44_gov_21769,ITI44_osm_78045,2.0,,,yes
ITI44_gov_240808,ITI44_osm_101789,2.0,,,yes
ITI44_gov_26796,ITI44_osm_20529,2.0,,,yes
ITI44_gov_288194,ITI44_osm_117024,2.0,,,yes
ITI44_gov_49206,ITI44_osm_31321,2.0,,,yes
ITI44_gov_5455,ITI44_osm_123189,,2.0,1.0,no
ITI44_gov_75839,ITI44_osm_39275,,2.0,1.0,no
LT022_gov_111714,LT022_osm_93286,2.0,,,yes
LT022_gov_150139,LT022_osm_136845,2.0,,1.0,yes
LT022_gov_166102,LT022_osm_176375,2.0,,,yes
LT022_gov_17675,LT022_osm_56936,2.0,,,yes
LT022_gov_193701,LT022_osm_132758,2.0,,1.0,yes
LT022_gov_273586,LT022_osm_36195,,2.0,,no
LT022_gov_304112,LT022_osm_291988,,2.0,1.0,no
LT022_gov_305645,LT022_osm_283601,,2.0,,no
LT022_gov_310868,LT022_osm_288244,,2.0,,no
LT022_gov_4809,LT022_osm_10102,,2.0,,no
LT022_gov_5751,LT022_osm_75193,2.0,,2.0,yes
LT022_gov_66550,LT022_osm_61078,,2.0,1.0,no
LT022_gov_67436,LT022_osm_82201,2.0,,,yes
LT022_gov_68738,LT022_osm_72300,,2.0,,no
LT022_gov_72065,LT022_osm_59496,,2.0,2.0,no
LT022_gov_8402,LT022_osm_219838,2.0,,,yes
LT029_gov_10494,LT029_msft_21847,,2.0,,no
LT029_gov_114878,LT029_msft_116104,2.0,,,yes
LT029_gov_11699,LT029_msft_25310,2.0,,,yes
LT029_gov_133617,LT029_msft_127007,2.0,,,yes
LT029_gov_134895,LT029_msft_181896,2.0,,,yes
LT029_gov_145024,LT029_msft_156311,2.0,,,yes
LT029_gov_149892,LT029_msft_181345,2.0,,,yes
LT029_gov_159904,LT029_msft_173772,2.0,,,yes
LT029_gov_165230,LT029_msft_183926,2.0,,,yes
LT029_gov_168619,LT029_msft_190701,,2.0,,no
LT029_gov_27611,LT029_msft_51570,2.0,,,yes
LT029_gov_56280,LT029_msft_77281,2.0,,,yes
LT029_gov_7098,LT029_msft_16674,,2.0,,no
LV003_osm_103077,LV003_msft_92393,2.0,,,yes
LV003_osm_116904,LV003_msft_119975,2.0,,,yes
LV003_osm_14678,LV003_msft_23748,2.0,,,yes
LV003_osm_1486,LV003_msft_95232,2.0,,,yes
LV003_osm_22498,LV003_msft_27707,,2.0,,no
LV003_osm_30467,LV003_msft_34242,2.0,,,yes
LV003_osm_6598,LV003_msft_138719,,2.0,,no
LV003_osm_98349,LV003_msft_102926,,2.0,,no
NL111_gov_11650,NL111_msft_15949,2.0,,1.0,yes
NL111_gov_15062,NL111_msft_7776,2.0,,,yes
NL111_gov_16579,NL111_msft_23571,2.0,,,yes
NL111_gov_17829,NL111_msft_23643,,2.0,,no
NL111_gov_19114,NL111_msft_15589,3.0,1.0,,yes
NL111_gov_19994,NL111_msft_24572,2.0,,,yes
NL111_gov_3238,NL111_msft_608,2.0,,,yes
NL111_gov_38880,NL111_msft_28614,2.0,,,yes
NL111_gov_53189,NL111_msft_40747,2.0,,,yes
NL111_gov_604,NL111_msft_1856,,2.0,,no
NL111_gov_68873,NL111_msft_42997,,2.0,1.0,no
NL111_gov_87678,NL111_msft_66162,2.0,,,yes
NL126_gov_30328,NL126_osm_82366,2.0,,,yes
NL126_gov_42288,NL126_osm_79025,3.0,1.0,,yes
NL126_gov_42739,NL126_osm_28632,2.0,,,yes
NL126_gov_52058,NL126_osm_146443,2.0,,,yes
NL126_gov_57787,NL126_osm_121845,2.0,,,yes
NL126_gov_57981,NL126_osm_153110,2.0,,,yes
NL126_gov_62259,NL126_osm_117333,2.0,,,yes
NL126_gov_66751,NL126_osm_122132,2.0,,,yes
NL126_gov_83077,NL126_osm_148470,2.0,,,yes
NL133_gov_15545,NL133_osm_93236,2.0,,,yes
NL133_gov_27870,NL133_osm_96360,2.0,,1.0,yes
NL133_gov_35552,NL133_osm_46956,2.0,,,yes
NL133_gov_43627,NL133_osm_51726,2.0,,,yes
NL133_gov_57397,NL133_osm_89757,2.0,,,yes
NL133_gov_70737,NL133_osm_74808,2.0,,,yes
NL133_gov_74589,NL133_osm_75737,2.0,,,yes
NL133_gov_74929,NL133_osm_78106,2.0,,,yes
NL133_gov_82808,NL133_osm_75181,2.0,,,yes
NL133_gov_83034,NL133_osm_75795,2.0,,,yes
NL133_gov_85914,NL133_osm_64964,2.0,,,yes
NL324_gov_40661,NL324_osm_104354,2.0,,,yes
NL324_gov_62190,NL324_osm_112861,2.0,,,yes
NL324_gov_83760,NL324_osm_64039,2.0,,,yes
NL325_gov_57662,NL325_osm_70311,,2.0,,no
NL325_gov_7723,NL325_osm_81402,,2.0,,no
NL341_gov_12906,NL341_osm_110034,2.0,,,yes
NL341_gov_16925,NL341_osm_99270,2.0,,,yes
NL341_gov_19474,NL341_osm_101055,2.0,,,yes
NL341_gov_32823,NL341_osm_36207,2.0,,,yes
NL341_gov_64484,NL341_osm_62045,2.0,,,yes
NL341_gov_64943,NL341_osm_74434,2.0,,,yes
NL341_gov_6638,NL341_osm_111116,2.0,,,yes
NL341_gov_75425,NL341_osm_75494,2.0,,,yes
NL341_gov_79138,NL341_osm_71534,2.0,,,yes
NL341_gov_84052,NL341_osm_76529,2.0,,,yes
NL341_gov_85977,NL341_osm_71928,2.0,,,yes
NL412_gov_109404,NL412_msft_104121,,2.0,,no
NL412_gov_138368,NL412_msft_90849,2.0,,,yes
NL412_gov_161403,NL412_msft_15794,2.0,,,yes
NL412_gov_286870,NL412_msft_34233,2.0,,,yes
NL412_gov_33787,NL412_msft_60953,,2.0,,no
NL412_gov_51551,NL412_msft_60707,2.0,,,yes
NL412_gov_6485,NL412_msft_52164,,2.0,,no
NL412_gov_81918,NL412_msft_104705,2.0,,,yes
PL219_gov_10413,PL219_osm_118806,2.0,,,yes
PL219_gov_107813,PL219_osm_95813,2.0,,,yes
PL219_gov_170025,PL219_osm_161046,2.0,,,yes
PL219_gov_175562,PL219_osm_168220,2.0,,1.0,yes
PL219_gov_18250,PL219_osm_78348,2.0,,,yes
PL219_gov_20149,PL219_osm_80339,2.0,,,yes
PL219_gov_27378,PL219_osm_80514,,2.0,1.0,no
PL219_gov_29378,PL219_osm_24117,2.0,,,yes
PL219_gov_33763,PL219_osm_34359,2.0,,,yes
PL219_gov_5420,PL219_osm_160982,2.0,,,yes
PL219_gov_64531,PL219_osm_58064,2.0,,,yes
PL219_gov_66438,PL219_osm_25080,2.0,,,yes
PL219_gov_74787,PL219_osm_9474,2.0,,,yes
PL219_gov_79074,PL219_osm_74664,2.0,,,yes
PL219_gov_85311,PL219_osm_75571,2.0,,,yes
PL219_gov_8913,PL219_osm_168264,2.0,,,yes
PL227_gov_120100,PL227_osm_146900,2.0,,,yes
PL227_gov_144311,PL227_osm_162387,2.0,,,yes
PL227_gov_154471,PL227_osm_163344,2.0,,,yes
PL227_gov_155972,PL227_osm_165431,2.0,,,yes
PL227_gov_3280,PL227_osm_165149,2.0,,,yes
PL227_gov_3659,PL227_osm_32650,2.0,,,yes
PL227_gov_6246,PL227_osm_123490,2.0,,,yes
PL227_gov_81222,PL227_osm_21897,2.0,,,yes
PL227_gov_9517,PL227_osm_127263,2.0,,,yes
PL227_gov_95853,PL227_osm_116774,2.0,,,yes
PL227_gov_9717,PL227_osm_132136,2.0,,,yes
PL228_gov_106032,PL228_osm_122347,2.0,,,yes
PL228_gov_107982,PL228_osm_128325,2.0,,,yes
PL228_gov_115767,PL228_osm_138161,2.0,,,yes
PL228_gov_116101,PL228_osm_137999,2.0,,,yes
PL228_gov_116152,PL228_osm_138054,2.0,,,yes
PL228_gov_49410,PL228_osm_61152,2.0,,,yes
PL228_gov_53469,PL228_osm_67244,2.0,,,yes
PL228_gov_53861,PL228_osm_78227,2.0,,,yes
PL228_gov_61384,PL228_osm_79107,2.0,,,yes
PL228_gov_67345,PL228_osm_74594,2.0,,,yes
PL228_gov_82303,PL228_osm_99267,2.0,,,yes
PL228_gov_97582,PL228_osm_119242,2.0,,,yes
PL229_gov_58406,PL229_osm_77412,,2.0,2.0,no
PL229_gov_5990,PL229_osm_119803,2.0,,,yes
PL229_gov_7014,PL229_osm_119975,2.0,,,yes
PL229_gov_74657,PL229_osm_57394,2.0,,,yes
PL229_gov_83136,PL229_osm_39831,2.0,,,yes
PL229_gov_92162,PL229_osm_57769,2.0,,,yes
PL417_gov_197694,PL417_osm_76538,2.0,,,yes
PL417_gov_48669,PL417_osm_56614,,2.0,,no
PL418_gov_101268,PL418_osm_118640,2.0,,,yes
PL418_gov_101444,PL418_osm_121203,2.0,,,yes
PL418_gov_114431,PL418_osm_144222,2.0,,,yes
PL418_gov_159845,PL418_osm_205351,3.0,1.0,,yes
PL418_gov_173291,PL418_osm_53918,2.0,,,yes
PL418_gov_204270,PL418_osm_266680,2.0,,,yes
PL418_gov_206522,PL418_osm_38775,2.0,,,yes
PL418_gov_23563,PL418_osm_269617,2.0,,,yes
PL418_gov_246951,PL418_osm_307781,2.0,,,yes
PL418_gov_27684,PL418_osm_274156,2.0,,,yes
PL418_gov_41489,PL418_osm_253970,2.0,,,yes
PL426_gov_53090,PL426_msft_92544,2.0,,,yes
PL426_gov_72663,PL426_msft_120149,2.0,,,yes
PL426_gov_76522,PL426_msft_128194,2.0,,,yes
PL426_gov_78553,PL426_msft_131223,2.0,,,yes
PL426_gov_78640,PL426_msft_128020,2.0,,,yes
PL426_gov_79848,PL426_msft_134882,2.0,,,yes
PL426_gov_86558,PL426_msft_150478,2.0,,,yes
PL427_gov_30379,PL427_msft_43454,,2.0,,no
PL427_gov_75622,PL427_msft_113994,,2.0,,no
PL427_gov_90563,PL427_msft_130716,,2.0,,no
PL432_osm_10676,PL432_msft_42143,2.0,,1.0,yes
PL432_osm_112587,PL432_msft_124356,2.0,,,yes
PL432_osm_182873,PL432_msft_194248,2.0,,,yes
PL432_osm_186550,PL432_msft_195799,2.0,,,yes
PL432_osm_201900,PL432_msft_215148,2.0,,,yes
PL432_osm_222290,PL432_msft_238156,2.0,,,yes
PL432_osm_222455,PL432_msft_236680,,2.0,,no
PL432_osm_226780,PL432_msft_40127,2.0,,,yes
PL432_osm_227012,PL432_msft_39350,,2.0,,no
PL432_osm_231841,PL432_msft_270257,2.0,,,yes
PL432_osm_249978,PL432_msft_245852,2.0,,,yes
PL432_osm_25417,PL432_msft_29602,2.0,,,yes
PL432_osm_62605,PL432_msft_10826,,2.0,,no
PL432_osm_93756,PL432_msft_104329,,2.0,,no
PL514_gov_13949,PL514_osm_122406,2.0,,,yes
PL514_gov_14681,PL514_osm_47604,2.0,,,yes
PL514_gov_41009,PL514_osm_135332,3.0,1.0,,yes
PL514_gov_46505,PL514_osm_68979,2.0,,,yes
PL514_gov_51420,PL514_osm_140585,2.0,,,yes
PL514_gov_55497,PL514_osm_135025,2.0,,,yes
PL514_gov_62222,PL514_osm_111204,2.0,,,yes
PL515_osm_106780,PL515_msft_67477,1.0,3.0,,no
PL515_osm_132228,PL515_msft_62412,2.0,,1.0,yes
PL515_osm_140002,PL515_msft_121423,2.0,,,yes
PL515_osm_141405,PL515_msft_119847,,2.0,,no
PL515_osm_155880,PL515_msft_131084,2.0,,,yes
PL515_osm_165863,PL515_msft_139545,2.0,,,yes
PL515_osm_189757,PL515_msft_48837,2.0,,,yes
PL515_osm_211407,PL515_msft_47464,2.0,,,yes
PL515_osm_22078,PL515_msft_19154,2.0,,,yes
PL515_osm_229627,PL515_msft_189202,2.0,,,yes
PL515_osm_249406,PL515_msft_2098,2.0,,,yes
PL515_osm_51356,PL515_msft_184021,2.0,,,yes
PL516_gov_102174,PL516_osm_151763,2.0,,,yes
PL516_gov_111575,PL516_osm_44726,2.0,,,yes
PL516_gov_36280,PL516_osm_52592,2.0,,,yes
PL516_gov_38340,PL516_osm_58646,3.0,1.0,,yes
PL516_gov_58209,PL516_osm_85269,2.0,,,yes
PL516_gov_6606,PL516_osm_145600,2.0,,,yes
PL516_gov_69929,PL516_osm_97580,2.0,,,yes
PL516_gov_72999,PL516_osm_113142,2.0,,,yes
PL516_gov_90386,PL516_osm_133593,2.0,,,yes
PL516_gov_99810,PL516_osm_151181,2.0,,,yes
PL616_gov_18526,PL616_msft_18545,,2.0,,no
PL636_osm_100107,PL636_msft_129089,2.0,,,yes
PL636_osm_100741,PL636_msft_128717,,2.0,,no
PL636_osm_39532,PL636_msft_80678,,2.0,2.0,no
PL636_osm_40087,PL636_msft_95188,2.0,,,yes
PL636_osm_43099,PL636_msft_76030,2.0,,,yes
PL636_osm_56082,PL636_msft_110768,,2.0,1.0,no
PL636_osm_62674,PL636_msft_28043,2.0,,,yes
PL636_osm_64974,PL636_msft_30506,2.0,,,yes
PL636_osm_7726,PL636_msft_128300,2.0,,,yes
PL636_osm_79178,PL636_msft_98991,2.0,,,yes
PL636_osm_85034,PL636_msft_50255,2.0,,,yes
PL636_osm_96881,PL636_msft_38539,2.0,,,yes
PL636_osm_99123,PL636_msft_34650,2.0,,,yes
PL637_gov_12771,PL637_osm_92377,2.0,,,yes
PL637_gov_16701,PL637_osm_24532,2.0,,,yes
PL637_gov_28422,PL637_osm_43992,2.0,,,yes
PL637_gov_43643,PL637_osm_6568,2.0,,,yes
PL637_gov_61571,PL637_osm_79208,2.0,,,yes
PL637_gov_82777,PL637_osm_103308,2.0,,,yes
PL637_gov_93215,PL637_osm_112990,2.0,,,yes
PL638_gov_109044,PL638_msft_159464,2.0,,,yes
PL638_gov_112429,PL638_msft_162934,2.0,,,yes
PL638_gov_13028,PL638_msft_24142,2.0,,,yes
PL638_gov_14131,PL638_msft_25112,,2.0,,no
PL638_gov_16581,PL638_msft_23067,2.0,,,yes
PL638_gov_24289,PL638_msft_36767,,2.0,,no
PL638_gov_26080,PL638_msft_37538,,2.0,,no
PL638_gov_31893,PL638_msft_51286,2.0,,,yes
PL638_gov_36167,PL638_msft_54177,,2.0,,no
PL638_gov_52851,PL638_msft_77417,2.0,,,yes
PL638_gov_58958,PL638_msft_83849,2.0,,,yes
PL638_gov_63554,PL638_msft_93343,2.0,,,yes
PL638_gov_80759,PL638_msft_118374,2.0,,,yes
PL638_gov_98344,PL638_msft_141822,2.0,,,yes
PL722_gov_104517,PL722_msft_131547,,2.0,,no
PL722_gov_112580,PL722_msft_141658,2.0,,,yes
PL722_gov_119425,PL722_msft_149029,2.0,,,yes
PL722_gov_119590,PL722_msft_148662,2.0,,,yes
PL722_gov_129967,PL722_msft_160730,2.0,,,yes
PL722_gov_182349,PL722_msft_221238,2.0,,,yes
PL722_gov_274681,PL722_msft_332310,,2.0,,no
PL722_gov_32321,PL722_msft_39883,2.0,,,yes
PL722_gov_34954,PL722_msft_41762,2.0,,,yes
PL722_gov_66959,PL722_msft_91608,2.0,,,yes
PL812_gov_11573,PL812_msft_21233,2.0,,,yes
PL812_gov_16078,PL812_msft_14595,2.0,,,yes
PL812_gov_234225,PL812_msft_258579,2.0,,,yes
PL812_gov_24839,PL812_msft_28009,2.0,,,yes
PL812_gov_350087,PL812_msft_388680,2.0,,,yes
PL812_gov_356133,PL812_msft_399984,,2.0,,no
PL812_gov_358696,PL812_msft_399888,2.0,,,yes
PL812_gov_360960,PL812_msft_396659,2.0,,,yes
PL815_osm_112908,PL815_msft_211302,2.0,,,yes
PL815_osm_226412,PL815_msft_247600,2.0,,,yes
PL815_osm_247088,PL815_msft_267745,,2.0,,no
PL815_osm_26249,PL815_msft_331549,2.0,,,yes
PL815_osm_268045,PL815_msft_291878,2.0,,,yes
PL815_osm_273909,PL815_msft_301138,2.0,,,yes
PL815_osm_278287,PL815_msft_302474,2.0,,,yes
PL815_osm_344934,PL815_msft_2987,,2.0,,no
PL821_gov_113578,PL821_msft_145773,,2.0,,no
PL821_gov_113991,PL821_msft_145201,2.0,,,yes
PL821_gov_161339,PL821_msft_214032,2.0,,,yes
PL821_gov_187524,PL821_msft_254203,2.0,,,yes
PL821_gov_94917,PL821_msft_120594,2.0,,,yes
PL824_gov_103127,PL824_msft_149854,2.0,,,yes
PL824_gov_1091,PL824_msft_13779,2.0,,,yes
PL824_gov_124717,PL824_msft_175959,2.0,,,yes
PL824_gov_133144,PL824_msft_188415,,2.0,,no
PL824_gov_137810,PL824_msft_191311,,2.0,,no
PL824_gov_18356,PL824_msft_28162,,2.0,,no
PL824_gov_187994,PL824_msft_248356,2.0,,,yes
PL824_gov_19095,PL824_msft_31947,2.0,,,yes
PL824_gov_204592,PL824_msft_279639,,2.0,,no
PL824_gov_22264,PL824_msft_24624,2.0,,,yes
PL824_gov_23533,PL824_msft_35069,2.0,,,yes
PL824_gov_3961,PL824_msft_1553,,2.0,1.0,no
PL824_gov_4921,PL824_msft_8449,2.0,,,yes
PL824_gov_53408,PL824_msft_74716,2.0,,,yes
PL824_gov_58231,PL824_msft_80611,,2.0,,no
PL824_gov_63087,PL824_msft_88708,,2.0,,no
PL841_osm_113087,PL841_msft_130515,,2.0,,no
PL841_osm_114935,PL841_msft_138403,2.0,,,yes
PL841_osm_127083,PL841_msft_148580,2.0,,,yes
PL841_osm_127986,PL841_msft_147987,2.0,,,yes
PL841_osm_149428,PL841_msft_27040,2.0,,,yes
PL841_osm_163054,PL841_msft_191663,,2.0,,no
PL841_osm_164299,PL841_msft_18638,2.0,,,yes
PL841_osm_165628,PL841_msft_197711,2.0,,,yes
PL841_osm_171472,PL841_msft_199167,2.0,,,yes
PL841_osm_208409,PL841_msft_210512,2.0,,,yes
PL841_osm_49801,PL841_msft_92068,2.0,,,yes
PL842_gov_15659,PL842_msft_19691,2.0,,,yes
PL842_gov_168436,PL842_msft_207063,2.0,,,yes
PL842_gov_182116,PL842_msft_221795,,2.0,,no
PL842_gov_198734,PL842_msft_241443,2.0,,,yes
PL842_gov_204433,PL842_msft_242843,,2.0,1.0,no
PL842_gov_245415,PL842_msft_290852,,2.0,,no
PL842_gov_4723,PL842_msft_10765,2.0,,,yes
PL842_gov_96222,PL842_msft_133258,1.0,3.0,,no
PL922_osm_193614,PL922_msft_80698,,2.0,,no
PL922_osm_209125,PL922_msft_71168,,2.0,,no
PL926_gov_141356,PL926_msft_154855,2.0,,,yes
PL926_gov_36324,PL926_msft_40868,2.0,,,yes
PL926_gov_41892,PL926_msft_49314,2.0,,,yes
PL926_gov_61128,PL926_msft_67195,2.0,,,yes
PL926_gov_67333,PL926_msft_68039,2.0,,,yes
PL926_gov_70370,PL926_msft_66363,2.0,,,yes
PL926_gov_70562,PL926_msft_65826,2.0,,,yes
PL926_gov_7638,PL926_msft_13889,2.0,,,yes
PL926_gov_91037,PL926_msft_97714,2.0,,,yes
PL926_gov_92955,PL926_msft_101291,2.0,,1.0,yes
PT185_osm_11802,PT185_msft_84065,2.0,,,yes
PT185_osm_14040,PT185_msft_87743,2.0,,,yes
PT185_osm_23000,PT185_msft_128062,,2.0,,no
PT185_osm_2476,PT185_msft_140011,,2.0,,no
PT185_osm_37836,PT185_msft_111726,2.0,,,yes
PT185_osm_43950,PT185_msft_132235,2.0,,,yes
PT185_osm_52272,PT185_msft_98284,2.0,,,yes
PT185_osm_55069,PT185_msft_96419,,2.0,2.0,no
RO121_osm_13520,RO121_msft_38504,,2.0,,no
RO121_osm_17482,RO121_msft_50483,2.0,,,yes
RO121_osm_24093,RO121_msft_1786,2.0,,,yes
RO121_osm_24455,RO121_msft_2991,2.0,,,yes
RO121_osm_27446,RO121_msft_490,2.0,,1.0,yes
RO121_osm_33501,RO121_msft_180017,2.0,,,yes
RO121_osm_36698,RO121_msft_179738,2.0,,,yes
RO121_osm_36981,RO121_msft_179042,2.0,,1.0,yes
RO121_osm_37598,RO121_msft_171235,,2.0,,no
RO121_osm_41112,RO121_msft_5467,,2.0,,no
RO121_osm_6443,RO121_msft_6091,2.0,,1.0,yes
RO121_osm_6679,RO121_msft_4117,2.0,,,yes
RO226_osm_3719,RO226_msft_10820,2.0,,,yes
RO226_osm_5235,RO226_msft_43445,2.0,,,yes
RO226_osm_6484,RO226_msft_140519,,2.0,,no
RO226_osm_6650,RO226_msft_167602,,2.0,,no
RO226_osm_7592,RO226_msft_210402,2.0,,,yes
RO414_osm_11248,RO414_msft_290036,2.0,,,yes
RO414_osm_11720,RO414_msft_267556,2.0,,,yes
RO414_osm_18138,RO414_msft_37818,2.0,,1.0,yes
RO414_osm_27219,RO414_msft_90072,2.0,,,yes
RO414_osm_57952,RO414_msft_346535,2.0,,,yes
RO414_osm_59568,RO414_msft_3649,2.0,,1.0,yes
RO414_osm_59638,RO414_msft_360814,2.0,,,yes
RO414_osm_66566,RO414_msft_387891,,2.0,,no
RO414_osm_66923,RO414_msft_388666,2.0,,,yes
RO414_osm_6732,RO414_msft_4535,,2.0,1.0,no
SE124_osm_102756,SE124_msft_1671,2.0,,,yes
SE124_osm_23216,SE124_msft_53853,,2.0,2.0,no
SE124_osm_30695,SE124_msft_40487,,2.0,1.0,no
SE124_osm_35697,SE124_msft_140404,2.0,,,yes
SE124_osm_44053,SE124_msft_95247,2.0,,,yes
SE124_osm_54365,SE124_msft_139597,2.0,,,yes
SE124_osm_80012,SE124_msft_190873,2.0,,,yes
SE332_osm_102539,SE332_msft_313841,2.0,,,yes
SE332_osm_106452,SE332_msft_313369,2.0,,,yes
SE332_osm_108125,SE332_msft_310167,,2.0,,no
SE332_osm_108393,SE332_msft_317083,2.0,,,yes
SE332_osm_113694,SE332_msft_298026,2.0,,,yes
SE332_osm_20895,SE332_msft_54723,2.0,,,yes
SE332_osm_38112,SE332_msft_116637,2.0,,,yes
SE332_osm_39060,SE332_msft_96861,,2.0,,no
SE332_osm_49954,SE332_msft_70105,,2.0,,no
SE332_osm_76446,SE332_msft_30709,,2.0,,no
SE332_osm_85116,SE332_msft_28774,2.0,,1.0,yes
SE332_osm_87418,SE332_msft_264235,2.0,,,yes
SI032_gov_133119,SI032_msft_26302,2.0,,,yes
SI032_gov_15296,SI032_msft_139243,2.0,,,yes
SI032_gov_187674,SI032_msft_138234,2.0,,,yes
SI034_osm_17666,SI034_msft_48682,2.0,,,yes
SI034_osm_35508,SI034_msft_60724,2.0,,,yes
SI034_osm_36996,SI034_msft_68467,2.0,,,yes
SI034_osm_38987,SI034_msft_75804,2.0,,,yes
SI034_osm_41990,SI034_msft_84404,,2.0,1.0,no
SI034_osm_51177,SI034_msft_112614,2.0,,,yes
SI034_osm_75919,SI034_msft_2078,2.0,,1.0,yes
SI036_gov_16241,SI036_osm_9762,2.0,,,yes
SI036_gov_44147,SI036_osm_20182,2.0,,,yes
SI036_gov_58337,SI036_osm_10646,2.0,,,yes
SI036_gov_67399,SI036_osm_8208,2.0,,,yes
SI036_gov_69113,SI036_osm_8430,2.0,,,yes
SI044_gov_23240,SI044_osm_41798,2.0,,,yes
SI044_gov_40752,SI044_osm_16934,2.0,,,yes
SI044_gov_41346,SI044_osm_29164,2.0,,,yes
SI044_gov_44757,SI044_osm_34920,3.0,1.0,,yes
SI044_gov_5387,SI044_osm_2365,2.0,,,yes
SK021_gov_150130,SK021_osm_239254,2.0,,,yes
SK021_gov_182376,SK021_osm_256419,2.0,,1.0,yes
SK021_gov_205850,SK021_osm_51646,2.0,,,yes
SK021_gov_261799,SK021_osm_224276,1.0,3.0,,no
SK021_gov_274858,SK021_osm_50300,,2.0,,no
SK021_gov_298716,SK021_osm_124320,2.0,,,yes
SK021_gov_32126,SK021_osm_222895,2.0,,,yes
SK021_gov_328429,SK021_osm_84515,,2.0,,no
SK021_gov_413311,SK021_osm_256594,2.0,,,yes
SK031_gov_136572,SK031_msft_326987,2.0,,,yes
SK031_gov_154711,SK031_msft_312879,2.0,,,yes
SK031_gov_185568,SK031_msft_257501,2.0,,,yes
SK031_gov_188561,SK031_msft_245779,,2.0,,no
SK031_gov_31087,SK031_msft_227111,2.0,,,yes
SK031_gov_311996,SK031_msft_27110,2.0,,,yes
SK031_gov_32890,SK031_msft_228709,2.0,,,yes
SK031_gov_331034,SK031_msft_124121,2.0,,,yes
SK031_gov_350856,SK031_msft_140094,2.0,,,yes
SK041_gov_322537,SK041_osm_193625,,2.0,,no
UKD35_osm_27146,UKD35_msft_71584,,2.0,,no
UKD35_osm_49477,UKD35_msft_103738,,2.0,,no
UKD35_osm_9698,UKD35_msft_34102,,2.0,,no
UKD45_osm_14561,UKD45_msft_110787,,2.0,,no
UKD45_osm_15165,UKD45_msft_133871,,2.0,,no
UKD45_osm_34673,UKD45_msft_130396,2.0,,,yes
UKD45_osm_39506,UKD45_msft_112128,2.0,,,yes
UKD45_osm_42839,UKD45_msft_136439,,2.0,,no
UKD45_osm_46277,UKD45_msft_85078,2.0,,,yes
UKD45_osm_53685,UKD45_msft_92522,,2.0,1.0,no
UKD45_osm_56190,UKD45_msft_42354,,2.0,,no
UKD45_osm_66114,UKD45_msft_56023,,2.0,,no
UKD45_osm_66887,UKD45_msft_65568,,2.0,,no
UKD45_osm_67224,UKD45_msft_55779,,2.0,,no
UKD45_osm_72258,UKD45_msft_106244,,2.0,,no
UKD45_osm_75811,UKD45_msft_145062,,2.0,,no
UKF11_osm_33003,UKF11_msft_37294,,2.0,,no
UKF11_osm_42441,UKF11_msft_31276,,2.0,,no
UKG36_osm_13228,UKG36_msft_26430,,2.0,,no
UKG36_osm_22594,UKG36_msft_35137,,2.0,,no
UKG36_osm_57445,UKG36_msft_56916,,2.0,,no
UKG36_osm_77676,UKG36_msft_79803,,2.0,,no
UKI73_osm_11251,UKI73_msft_27775,,2.0,,no
UKI73_osm_7707,UKI73_msft_1481,,2.0,,no
UKJ11_osm_190651,UKJ11_msft_255059,,2.0,,no
UKJ11_osm_192624,UKJ11_msft_211698,2.0,,,yes
UKL18_osm_17441,UKL18_msft_43893,,2.0,,no
UKL18_osm_18578,UKL18_msft_69753,,2.0,,no
UKL18_osm_18764,UKL18_msft_45795,,2.0,,no
UKL18_osm_28093,UKL18_msft_10661,2.0,,,yes
UKL18_osm_5811,UKL18_msft_13155,2.0,,,yes
UKL18_osm_639,UKL18_msft_30355,2.0,,,yes
UKL23_osm_14056,UKL23_msft_60922,3.0,1.0,,yes
UKL23_osm_32034,UKL23_msft_42478,,2.0,1.0,no
UKL23_osm_44837,UKL23_msft_39822,2.0,,,yes
UKL23_osm_45248,UKL23_msft_32609,,2.0,,no
UKL23_osm_45818,UKL23_msft_27110,,2.0,,no
UKL23_osm_45899,UKL23_msft_706,,2.0,1.0,no
UKL23_osm_51673,UKL23_msft_4030,2.0,,,yes
UKL23_osm_5554,UKL23_msft_83951,2.0,,1.0,yes
UKL23_osm_609,UKL23_msft_61348,2.0,,2.0,yes
UKL23_osm_64908,UKL23_msft_63729,2.0,,,yes
UKL23_osm_74898,UKL23_msft_106558,2.0,,,yes
UKL23_osm_815,UKL23_msft_40135,,2.0,,no
UKL23_osm_9649,UKL23_msft_167,,2.0,,no
UKM84_osm_34132,UKM84_msft_52026,2.0,,,yes
UKM84_osm_34409,UKM84_msft_41398,,2.0,,no
UKM84_osm_7374,UKM84_msft_40911,,2.0,,no
UKM84_osm_80040,UKM84_msft_22278,,2.0,,no
UKM84_osm_8848,UKM84_msft_18077,,2.0,1.0,no
